id,first_name,last_name,email,gender,dob,username,password
1,Georgie,McCaighey,gmccaighey0@reverbnation.com,Male,21-May-1909,gmccaighey0,0OveVtj1XRS
2,Wynnie,Eighteen,weighteen1@latimes.com,Female,04-Feb-1912,weighteen1,yXRZEkk
3,Breanne,Borland,bborland2@rakuten.co.jp,Female,21-Mar-1970,bborland2,JbLQnb
4,Rania,Muzzall,rmuzzall3@tinyurl.com,Female,25-Dec-1960,rmuzzall3,JPw2jhjfMjsv
5,Carey,Lower,clower4@alexa.com,Male,01-Mar-1976,clower4,gwq1PVMiaq
6,Ricky,Ceccoli,rceccoli5@ihg.com,Genderfluid,22-Feb-1914,rceccoli5,0ix3lloPju
7,Druci,Alben,dalben6@taobao.com,Agender,02-Aug-1957,dalben6,4dTCNso3vW78
8,Darrick,Longhurst,dlonghurst7@godaddy.com,Male,12-Sep-1990,dlonghurst7,RjxnZiuCNP5Q
9,Gwenni,Somerled,gsomerled8@unblog.fr,Female,18-Sep-1933,gsomerled8,VPdhYtms
10,Klement,Cosin,kcosin9@admin.ch,Male,11-Nov-1972,kcosin9,Pq4RE56vx
11,Cati,Mingard,cmingarda@mapy.cz,Female,13-Mar-1918,cmingarda,GsYYgpNmY
12,Luca,Roby,lrobyb@ezinearticles.com,Male,13-Jan-1933,lrobyb,X5bdE7
13,Farra,Fears,ffearsc@acquirethisname.com,Female,15-Mar-1948,ffearsc,9rYJRJuS5
14,Abbot,Seawright,aseawrightd@eepurl.com,Male,28-Apr-1994,aseawrightd,gj6mZU
15,Meggy,Georgelin,mgeorgeline@webnode.com,Genderqueer,21-Feb-1932,mgeorgeline,Y0pjVvK
16,Jermaine,Opdenort,jopdenortf@vkontakte.ru,Female,12-Jul-1923,jopdenortf,vIkWWjgsXMsp
17,Felecia,Shalloo,fshalloog@elpais.com,Female,26-Nov-1920,fshalloog,sRZqZt70njd
18,Cynthy,Malinowski,cmalinowskih@digg.com,Female,05-Sep-1966,cmalinowskih,rKBN0C0EU9yG
19,Cloe,Dargavel,cdargaveli@cornell.edu,Female,10-Dec-1958,cdargaveli,XcV9gwi
20,Lorin,Cawthery,lcawtheryj@posterous.com,Male,09-Dec-1935,lcawtheryj,EbprvUwI
21,Mattie,Batham,mbathamk@latimes.com,Male,08-Jan-2002,mbathamk,WPYrYp
22,Aindrea,Cornelleau,acornelleaul@time.com,Female,11-Apr-1923,acornelleaul,qDOMvzkpNT
23,Lorry,Cantu,lcantum@sciencedaily.com,Male,08-Jun-1997,lcantum,6fXqNAbb
24,Sid,Crawshay,scrawshayn@bigcartel.com,Male,19-Jul-1943,scrawshayn,Y4zGMV
25,Kellina,O'Crevan,kocrevano@vkontakte.ru,Female,24-Feb-1979,kocrevano,XQenpxV
26,Lars,Ambrogi,lambrogip@nih.gov,Male,04-Oct-1966,lambrogip,VheCgSWsxz
27,Fedora,Hanstock,fhanstockq@patch.com,Female,12-Feb-1908,fhanstockq,nI05yyYlS47
28,Doy,Gaynor,dgaynorr@ucoz.ru,Male,28-Dec-1975,dgaynorr,olV4DdV8
29,Baillie,Grunwald,bgrunwalds@woothemes.com,Male,11-Mar-1939,bgrunwalds,OCjnk4SG
30,Nita,Whopples,nwhopplest@wikipedia.org,Polygender,01-Jan-1946,nwhopplest,Fmsuou0wO6se
31,Brig,Dyett,bdyettu@jugem.jp,Male,13-Jul-1954,bdyettu,Z5hTkH
32,Dalila,Danaher,ddanaherv@hp.com,Female,26-Feb-1963,ddanaherv,KqaJLPDqk
33,Coretta,O'Lyhane,colyhanew@auda.org.au,Female,05-Oct-2002,colyhanew,kirzTj4HLK
34,Lusa,Tabourier,ltabourierx@epa.gov,Female,28-Apr-1977,ltabourierx,PQfl9bSH
35,Ibby,Tee,iteey@shareasale.com,Female,21-Apr-1915,iteey,piWY6PonswFb
36,Abramo,Regardsoe,aregardsoez@drupal.org,Male,06-Feb-1982,aregardsoez,jcolW4dl6
37,Lazaro,Peregrine,lperegrine10@alexa.com,Male,22-Feb-1971,lperegrine10,ftI1hazKF7
38,Mab,Kinnerley,mkinnerley11@tuttocitta.it,Bigender,21-Aug-1962,mkinnerley11,u45bz2vc3yr
39,Dorita,Remer,dremer12@dagondesign.com,Female,11-Dec-1911,dremer12,OutnvWiPY
40,Rosemonde,Cordobes,rcordobes13@comsenz.com,Female,02-Nov-1988,rcordobes13,ffi3LULfGngE
41,Robinet,Hurl,rhurl14@elegantthemes.com,Non-binary,28-Oct-1931,rhurl14,4DnkLmz7
42,Jeniffer,Maber,jmaber15@hud.gov,Female,02-May-1919,jmaber15,1CS0umf0e5a
43,Reinald,Laidel,rlaidel16@oakley.com,Male,19-Sep-1933,rlaidel16,zCsshs8
44,Riobard,Kernaghan,rkernaghan17@stumbleupon.com,Male,13-Aug-1906,rkernaghan17,hahzf4SmB
45,Hynda,Fedder,hfedder18@who.int,Female,14-Apr-2003,hfedder18,7l6XyWAwM0QE
46,Marv,Cousens,mcousens19@tripod.com,Male,16-Aug-1940,mcousens19,ebU8bPOHD
47,Frannie,Redgate,fredgate1a@constantcontact.com,Female,23-Jan-1953,fredgate1a,ecbtWrmv9CP
48,Franklyn,Choldcroft,fcholdcroft1b@gmpg.org,Male,10-Aug-1941,fcholdcroft1b,y9Eop41B
49,Tymon,Halmkin,thalmkin1c@yelp.com,Male,11-Jul-1983,thalmkin1c,0Ap3Y72ek7F
50,Egan,Bernette,ebernette1d@soundcloud.com,Male,23-Oct-1936,ebernette1d,vsPMOGbEky
51,Olivier,Mileham,omileham1e@house.gov,Male,24-Feb-2001,omileham1e,Q8TY7Beyu
52,Elianore,Lawlie,elawlie1f@naver.com,Female,30-Dec-1989,elawlie1f,TMvNVmYVpWZr
53,Myrah,Raspin,mraspin1g@cdbaby.com,Female,01-May-1994,mraspin1g,bZPDtz46owzF
54,Myrtice,Creasey,mcreasey1h@rediff.com,Female,20-Jan-1932,mcreasey1h,LaL0bU8Q9
55,Liana,Senechault,lsenechault1i@dropbox.com,Female,19-Jan-1986,lsenechault1i,7aCNj6kcqz
56,Agathe,Dimond,adimond1j@taobao.com,Female,01-Sep-1918,adimond1j,6jux2xayKf
57,Gwenette,Pastor,gpastor1k@over-blog.com,Female,20-Apr-1936,gpastor1k,uZ8t1ahcT
58,Burl,Goggins,bgoggins1l@posterous.com,Agender,26-Jun-1922,bgoggins1l,1SZRUwMsD
59,Bobbe,MacNeice,bmacneice1m@prweb.com,Female,25-Dec-1987,bmacneice1m,sgsvEp6ng
60,Celia,Maffiotti,cmaffiotti1n@columbia.edu,Female,20-Sep-1970,cmaffiotti1n,ujBat76dV
61,Nissa,Bangley,nbangley1o@google.it,Female,01-Dec-1922,nbangley1o,0FJ3Z4tFThme
62,Skyler,Vanne,svanne1p@chronoengine.com,Male,16-Jan-1993,svanne1p,2oNw1ok0D
63,Fayina,Bellocht,fbellocht1q@elpais.com,Female,24-Nov-1958,fbellocht1q,z3r1ZR9Zf3DM
64,Clo,Yurevich,cyurevich1r@cbc.ca,Female,12-Jun-1953,cyurevich1r,oBYpJm0A
65,Reggie,Tremblett,rtremblett1s@reddit.com,Male,11-Oct-1997,rtremblett1s,FYZZVQLQE5gT
66,Caz,Markham,cmarkham1t@eventbrite.com,Genderqueer,06-Jul-1943,cmarkham1t,HKBx4CJ
67,Reese,Gallemore,rgallemore1u@cbc.ca,Male,01-Oct-1972,rgallemore1u,fRgBsj
68,Quincy,McAlarney,qmcalarney1v@wikispaces.com,Male,05-Sep-1980,qmcalarney1v,jFhWIz
69,Maribel,Shilstone,mshilstone1w@cdbaby.com,Agender,06-Nov-1998,mshilstone1w,m0xnfjSG
70,Quill,Jakoviljevic,qjakoviljevic1x@chronoengine.com,Male,06-Jan-1969,qjakoviljevic1x,SleQ5xge
71,Alick,Stembridge,astembridge1y@barnesandnoble.com,Male,19-Dec-1957,astembridge1y,u3qQOX54SwH
72,Kiri,Gorry,kgorry1z@privacy.gov.au,Female,18-Jan-1916,kgorry1z,ZmV4cX02RtY
73,Karlis,Waldock,kwaldock20@nationalgeographic.com,Male,31-Dec-2002,kwaldock20,mtmOiEzH
74,Imogen,Rylands,irylands21@cdbaby.com,Female,26-Dec-1997,irylands21,o7qSHKvB4E3w
75,Moe,Lau,mlau22@tripod.com,Male,03-Mar-1999,mlau22,nDUyEXfkAe
76,Claudetta,China,cchina23@jimdo.com,Female,19-Jul-1912,cchina23,ir9xBfz6jAHE
77,Pavla,Fronczak,pfronczak24@dot.gov,Female,02-Dec-1942,pfronczak24,R0gk5x
78,Ruthie,Filpo,rfilpo25@ibm.com,Female,14-Sep-1941,rfilpo25,Zn9EVzF7
79,Johnathon,Earwicker,jearwicker26@umn.edu,Male,26-Dec-1996,jearwicker26,NcejJ9
80,Neilla,Muffin,nmuffin27@washington.edu,Female,01-Sep-1974,nmuffin27,ZHESVglFl
81,Stinky,Krystek,skrystek28@webnode.com,Male,22-Nov-1996,skrystek28,wrjEzzc1NJ
82,Yard,Kupec,ykupec29@wikimedia.org,Male,18-Oct-1941,ykupec29,ZKaVErj
83,Kelley,Girardet,kgirardet2a@macromedia.com,Female,28-Jul-1995,kgirardet2a,Rp7gsn
84,Rozanne,Gillivrie,rgillivrie2b@miitbeian.gov.cn,Female,01-Dec-1994,rgillivrie2b,i9u8iAME
85,Celina,Virgoe,cvirgoe2c@wp.com,Female,07-Sep-1973,cvirgoe2c,sKvVUaffB
86,Sascha,Bertolaccini,sbertolaccini2d@trellian.com,Male,26-Aug-1917,sbertolaccini2d,SLd0u1rHG
87,Elden,Swannell,eswannell2e@ameblo.jp,Male,29-Nov-1996,eswannell2e,YSG9JOE
88,Ian,Janaud,ijanaud2f@topsy.com,Male,04-Oct-1957,ijanaud2f,nXUwBat
89,Bobbie,Batchelder,bbatchelder2g@vinaora.com,Female,07-Nov-1901,bbatchelder2g,qAkiZj2
90,Yvon,Harrie,yharrie2h@addthis.com,Male,27-Mar-1915,yharrie2h,d7s8U5J
91,Stanislas,Wigglesworth,swigglesworth2i@seattletimes.com,Male,29-May-1978,swigglesworth2i,xocdoX
92,August,Stanborough,astanborough2j@dmoz.org,Male,16-Sep-1946,astanborough2j,G667zoCc
93,Des,Bente,dbente2k@ca.gov,Male,31-Jan-1981,dbente2k,jVM7uTmzm
94,Ennis,Snoad,esnoad2l@intel.com,Male,14-Jun-1968,esnoad2l,pprS8x
95,Isaac,De Few,idefew2m@flavors.me,Male,16-Aug-1932,idefew2m,aWa2Q6
96,Clarabelle,Digges,cdigges2n@usda.gov,Female,11-Nov-1988,cdigges2n,E8Cch8Zf9V
97,Judie,Hovey,jhovey2o@behance.net,Female,07-Jan-1992,jhovey2o,qWxz1cl
98,Rozalie,Buckie,rbuckie2p@cdbaby.com,Female,06-Dec-1905,rbuckie2p,1Pi46Re
99,Sharyl,Freen,sfreen2q@so-net.ne.jp,Non-binary,24-Dec-1995,sfreen2q,RhcSNDcbjmj
100,Veda,Bashford,vbashford2r@feedburner.com,Female,13-Jun-1995,vbashford2r,ZoPXmwD
101,Beckie,Heino,bheino2s@csmonitor.com,Female,21-Jul-1941,bheino2s,kXKNE3sEl
102,Gael,Mc Gaughey,gmcgaughey2t@columbia.edu,Male,14-Jun-1957,gmcgaughey2t,meo78TdD
103,Marti,Gouldeby,mgouldeby2u@pagesperso-orange.fr,Female,25-Mar-2002,mgouldeby2u,XsCgMPKAfXB
104,Willdon,Uman,wuman2v@pbs.org,Male,07-Sep-1920,wuman2v,QzS2JBSDCuR
105,Lavena,Worthington,lworthington2w@godaddy.com,Female,16-Feb-1937,lworthington2w,HOB43eQR
106,Lindy,Laurenson,llaurenson2x@mozilla.org,Male,05-Apr-1914,llaurenson2x,h4TspOuzdUfM
107,Harli,Beade,hbeade2y@facebook.com,Female,05-May-1917,hbeade2y,t6VVkrWWFNrG
108,Carlita,Clemenza,cclemenza2z@list-manage.com,Female,05-Apr-1903,cclemenza2z,0QMymZTy2
109,Yanaton,Zoren,yzoren30@free.fr,Male,18-Oct-1954,yzoren30,SM3PI0v7vyH
110,Marylou,Phelipeau,mphelipeau31@statcounter.com,Female,28-Dec-1921,mphelipeau31,WdKHUQLZGT7
111,Ann-marie,Dominguez,adominguez32@upenn.edu,Female,15-Apr-1964,adominguez32,eIjQaY6q6Qv
112,Melodee,Manoch,mmanoch33@chronoengine.com,Female,21-Feb-1960,mmanoch33,pngMHL
113,Carolin,Gravenell,cgravenell34@bandcamp.com,Bigender,05-Nov-1975,cgravenell34,QPLA7kSdNGa
114,Raul,Iacovielli,riacovielli35@vinaora.com,Male,03-Aug-1909,riacovielli35,n0YvguaSkp
115,Kerrin,Baseke,kbaseke36@nifty.com,Female,11-May-1999,kbaseke36,yBAEHk3
116,Chrissy,Geal,cgeal37@narod.ru,Male,08-Apr-1911,cgeal37,ZrL3EZoMX
117,Gaven,Cronk,gcronk38@ted.com,Male,30-Sep-1908,gcronk38,gz20afqluY8r
118,Brunhilde,De Marchi,bdemarchi39@epa.gov,Female,26-Nov-1954,bdemarchi39,XGjpgYs08p
119,Ad,Snoddon,asnoddon3a@topsy.com,Male,02-Mar-1992,asnoddon3a,gTMozJ9
120,Thaxter,Teasell,tteasell3b@e-recht24.de,Male,02-Feb-1986,tteasell3b,zLuMOv7QfCb
121,Pia,Hitschke,phitschke3c@vinaora.com,Female,16-Aug-1908,phitschke3c,RxlC6ry
122,Gannon,Bracco,gbracco3d@is.gd,Male,10-Oct-1968,gbracco3d,fQEEigL2sp
123,Torre,Giorgi,tgiorgi3e@vimeo.com,Male,27-Jan-1967,tgiorgi3e,ooHVQteUf
124,Grethel,Wallbrook,gwallbrook3f@indiegogo.com,Female,07-Oct-1909,gwallbrook3f,9D3v2nM
125,Legra,Fazakerley,lfazakerley3g@illinois.edu,Female,04-Mar-1916,lfazakerley3g,OZvzuApFOD
126,Ashton,Thompson,athompson3h@nifty.com,Male,21-Mar-1960,athompson3h,Y2srH0kfXDmj
127,Viola,Blackboro,vblackboro3i@state.tx.us,Female,09-Feb-1922,vblackboro3i,qJ2zzizN
128,Mandie,Cawsy,mcawsy3j@va.gov,Female,23-Oct-1944,mcawsy3j,h7wfIFYe310
129,Yovonnda,Court,ycourt3k@cloudflare.com,Bigender,28-Sep-1981,ycourt3k,PLEXLUF0r
130,Harrison,St. Ledger,hstledger3l@fastcompany.com,Male,24-Apr-1962,hstledger3l,qzBheGdU
131,Murdoch,Jiroutek,mjiroutek3m@artisteer.com,Male,04-Jan-1965,mjiroutek3m,TAdbkmCDcvS
132,Theobald,Hiley,thiley3n@comsenz.com,Male,21-Aug-1991,thiley3n,3w7Iz8
133,Zacherie,Grolmann,zgrolmann3o@tamu.edu,Male,08-Sep-1966,zgrolmann3o,kcR3A7hAu2dZ
134,Kevyn,Root,kroot3p@hhs.gov,Female,05-Oct-1970,kroot3p,Py2mND
135,Meghann,Ranyard,mranyard3q@kickstarter.com,Female,13-Feb-1923,mranyard3q,iC6mR0
136,Shell,Britian,sbritian3r@yolasite.com,Male,26-Oct-1919,sbritian3r,HxC6hycm9
137,Darren,Garwill,dgarwill3s@pen.io,Male,27-May-1906,dgarwill3s,XmmX1rVLK
138,Rowe,Errichi,rerrichi3t@gov.uk,Female,18-May-1945,rerrichi3t,DVkaMxpL
139,Felecia,Enstone,fenstone3u@usnews.com,Female,20-Apr-1941,fenstone3u,d6XXutYGB07
140,Dorothee,Hayles,dhayles3v@newsvine.com,Female,26-Jan-1996,dhayles3v,r2r3A32jv
141,Dugald,Tamburo,dtamburo3w@hc360.com,Male,03-Mar-1960,dtamburo3w,bq1KKgfIjObe
142,Schuyler,Ryall,sryall3x@elegantthemes.com,Male,06-Oct-1901,sryall3x,Z3dRQLGo
143,Cleon,Hubane,chubane3y@netscape.com,Male,10-Jun-1915,chubane3y,9v2mIB4bHa
144,Vince,Melrose,vmelrose3z@tripod.com,Male,09-Mar-1988,vmelrose3z,4bVhcpkY6mRb
145,Arlyn,Ashelford,aashelford40@parallels.com,Female,30-Aug-1928,aashelford40,pUiDjn5wsS
146,Olivette,Matthewes,omatthewes41@godaddy.com,Female,06-Feb-1947,omatthewes41,rKh6CTS
147,Zacharia,Ogelsby,zogelsby42@altervista.org,Male,30-Mar-1991,zogelsby42,xv8Acg5V
148,Laurice,Lucy,llucy43@usatoday.com,Female,07-Dec-1901,llucy43,XlCa2Iv02iw
149,Rube,Gerge,rgerge44@comsenz.com,Male,06-Mar-1992,rgerge44,MX8UCfsB0
150,Reyna,Siss,rsiss45@amazon.de,Female,01-Nov-1912,rsiss45,xfTPfUHxw
151,Lucky,Jura,ljura46@networksolutions.com,Female,05-Dec-1937,ljura46,Ma7ivDEGxHX
152,Calley,Goncaves,cgoncaves47@etsy.com,Polygender,30-Aug-1924,cgoncaves47,Qc00sGJmZ
153,Mayor,Celloni,mcelloni48@sphinn.com,Male,25-May-1959,mcelloni48,5g4z6Y
154,Raymund,Fedynski,rfedynski49@parallels.com,Male,04-Dec-1944,rfedynski49,8yxk66Qnh
155,Erl,Boaler,eboaler4a@cmu.edu,Male,13-Apr-1946,eboaler4a,it4bkT
156,Mellie,Soames,msoames4b@creativecommons.org,Female,25-Jul-1910,msoames4b,uCFlkKOqMMX
157,Giacinta,Bracer,gbracer4c@blog.com,Female,17-Apr-1934,gbracer4c,amQsfkW0J
158,Aubine,Mollitt,amollitt4d@redcross.org,Female,01-Jun-1949,amollitt4d,nPY3CloKqtz
159,Rudy,Healy,rhealy4e@cyberchimps.com,Non-binary,22-Apr-1947,rhealy4e,NoQnF0Qyz9
160,Norene,Swendell,nswendell4f@alexa.com,Female,22-Aug-1975,nswendell4f,a1rfMhP
161,Colene,Gascoine,cgascoine4g@wisc.edu,Female,17-Jul-1951,cgascoine4g,S8TolIZ
162,Ollie,Giorgio,ogiorgio4h@about.com,Male,04-Nov-2000,ogiorgio4h,yKmVOFaSRUKx
163,Norine,Yglesias,nyglesias4i@msu.edu,Female,08-Jan-1941,nyglesias4i,Uaa8wS
164,Ladonna,Maryet,lmaryet4j@blinklist.com,Female,23-Sep-1914,lmaryet4j,9jfvgX4Ba53A
165,Helene,Bicker,hbicker4k@yahoo.co.jp,Female,15-Jun-1987,hbicker4k,1bPBcEs
166,Frederique,Simoncini,fsimoncini4l@bbb.org,Bigender,04-May-1953,fsimoncini4l,KAjryGief7LZ
167,Astrix,Stammer,astammer4m@list-manage.com,Female,22-Jun-1987,astammer4m,O2daPOSxsO5
168,Gris,MacDunleavy,gmacdunleavy4n@deviantart.com,Male,26-Aug-1925,gmacdunleavy4n,NpDDu61H
169,Foss,Skippings,fskippings4o@comcast.net,Male,25-Jan-1988,fskippings4o,w6rD21zMHCs
170,Chaim,Winser,cwinser4p@nature.com,Male,24-Nov-1902,cwinser4p,7hWExW9
171,Eduino,Coad,ecoad4q@123-reg.co.uk,Male,28-Mar-1926,ecoad4q,QaSbaPdPiAAA
172,Addy,Diment,adiment4r@google.com,Female,18-Jun-1921,adiment4r,Z7QQ5u5
173,Rani,Mycock,rmycock4s@sciencedirect.com,Genderqueer,20-Feb-1928,rmycock4s,md21rnMR
174,Libbie,Elfitt,lelfitt4t@theglobeandmail.com,Female,14-Apr-1993,lelfitt4t,Oq7Rb5f
175,Bernice,Lichtfoth,blichtfoth4u@who.int,Female,20-Mar-1972,blichtfoth4u,MgxHEVm0vrj6
176,Arlen,Stockau,astockau4v@dmoz.org,Female,04-Apr-1902,astockau4v,KUH82sP
177,Dionysus,Hardinge,dhardinge4w@latimes.com,Male,21-Apr-1931,dhardinge4w,gn5XBKPCVEs
178,Eadmund,Harwood,eharwood4x@hibu.com,Non-binary,30-Nov-1980,eharwood4x,kUrEcsIOtbW5
179,Sheila,Lauritsen,slauritsen4y@tmall.com,Female,19-Jul-1935,slauritsen4y,35z8YhJTpFA
180,Clive,O'Giany,cogiany4z@godaddy.com,Male,09-Jun-1992,cogiany4z,cPnKiF
181,Aube,Smitherham,asmitherham50@taobao.com,Male,18-Sep-1934,asmitherham50,qHMsJg8Xqer
182,Morten,Skylett,mskylett51@unc.edu,Male,19-May-1990,mskylett51,hy4UsFT0T7O
183,Ariana,Auguste,aauguste52@altervista.org,Female,28-May-1922,aauguste52,nKOOes3k
184,Sylvester,Chaters,schaters53@hibu.com,Male,29-Jul-1981,schaters53,nxCKmIjX9Pj
185,Paulo,Camosso,pcamosso54@utexas.edu,Male,19-Feb-2004,pcamosso54,jO1xh3C92sRo
186,Kristo,Jendrach,kjendrach55@cdbaby.com,Male,10-Jan-1973,kjendrach55,ppbQF511Ak
187,Somerset,Tommaseo,stommaseo56@bluehost.com,Male,20-Jun-1948,stommaseo56,RvZHbg9I
188,Tasha,Lanceley,tlanceley57@jimdo.com,Female,08-Jun-1932,tlanceley57,lyq8eJx
189,Lewes,Oxton,loxton58@narod.ru,Male,11-Oct-1976,loxton58,YWrBDurp
190,Sarita,Riolfo,sriolfo59@ucla.edu,Female,01-Mar-1991,sriolfo59,arvGOAjxUCyW
191,Perl,Vodden,pvodden5a@about.com,Female,12-Jun-1920,pvodden5a,AlYGss9g
192,Wit,David,wdavid5b@howstuffworks.com,Male,26-Apr-1959,wdavid5b,jBtAk0h2Ph
193,Perkin,Plunket,pplunket5c@technorati.com,Male,06-Dec-1968,pplunket5c,0CLCEkRcSc1
194,Prescott,Robun,probun5d@cam.ac.uk,Male,24-Sep-1989,probun5d,gBAPwWAUEdey
195,Boote,Nelmes,bnelmes5e@1688.com,Male,06-Apr-1981,bnelmes5e,zELLbKSgdIr
196,Earle,Sawbridge,esawbridge5f@auda.org.au,Male,09-Jul-1904,esawbridge5f,pkbB5Tzpzf
197,Selinda,Beadles,sbeadles5g@intel.com,Genderqueer,12-Jan-1919,sbeadles5g,KeXz5q2dlyC
198,Yoko,Allcoat,yallcoat5h@godaddy.com,Female,20-Jan-1999,yallcoat5h,FtzlCtDZJnG
199,Aharon,Easen,aeasen5i@squidoo.com,Male,10-Mar-1984,aeasen5i,FjnnnDQVvYN
200,Seline,Dougary,sdougary5j@utexas.edu,Female,04-Jul-1981,sdougary5j,XpkJS6VjJQ8U
201,Adolphus,Jeanneau,ajeanneau5k@51.la,Male,21-Aug-1991,ajeanneau5k,C73TuJK
202,Denice,Eatherton,deatherton5l@livejournal.com,Female,05-May-1920,deatherton5l,7UYaJgjpH
203,Marin,Yakob,myakob5m@cloudflare.com,Female,23-Oct-1976,myakob5m,4mWVNZCDm
204,Elicia,Gouth,egouth5n@google.co.jp,Female,11-Dec-1973,egouth5n,KqAQ2MlEahO
205,Fara,Tremoille,ftremoille5o@biglobe.ne.jp,Female,09-Feb-2004,ftremoille5o,t3hjHVY
206,Freedman,Harron,fharron5p@omniture.com,Male,03-Nov-1967,fharron5p,xSgaAMFyvsOw
207,Tedda,Cristofano,tcristofano5q@nps.gov,Female,27-Sep-1913,tcristofano5q,DxBd5NbYfQ
208,Pembroke,Slatcher,pslatcher5r@tumblr.com,Male,24-May-1917,pslatcher5r,PHblCgJFLti
209,Lorianna,Moscrop,lmoscrop5s@artisteer.com,Female,05-May-1919,lmoscrop5s,nowF9V4O
210,Randall,Bolger,rbolger5t@mapy.cz,Male,29-Sep-1927,rbolger5t,ivFPcyf8
211,Gibbie,Padson,gpadson5u@seattletimes.com,Bigender,18-Jan-1995,gpadson5u,lP47zOtEJm
212,Thedric,Scardefield,tscardefield5v@so-net.ne.jp,Male,30-Jul-1936,tscardefield5v,zZVS1wAn8GKf
213,Aveline,Mancer,amancer5w@ocn.ne.jp,Female,30-May-1994,amancer5w,pzBn5bqE14
214,Damien,Fussell,dfussell5x@addtoany.com,Male,02-Dec-1918,dfussell5x,CTIpsMj77U02
215,Lannie,Mugg,lmugg5y@netscape.com,Male,10-Jul-1909,lmugg5y,Xk9CJBCMqiI
216,Lorri,Hammersley,lhammersley5z@nytimes.com,Female,18-May-1922,lhammersley5z,dguADJ
217,Grady,Karlqvist,gkarlqvist60@123-reg.co.uk,Male,03-Jul-1974,gkarlqvist60,1VZL722RrqU3
218,Hirsch,Wharfe,hwharfe61@timesonline.co.uk,Male,01-Jan-1972,hwharfe61,QtRVS52k
219,Farrell,Gorrie,fgorrie62@apple.com,Male,05-May-1963,fgorrie62,rDv84kY
220,Fannie,Burdett,fburdett63@wikimedia.org,Female,22-Feb-1912,fburdett63,tMZRDW
221,Elvera,Warre,ewarre64@twitter.com,Female,11-Nov-2002,ewarre64,yePm4Nu5pg
222,Rozalin,Spawforth,rspawforth65@cmu.edu,Female,28-May-2002,rspawforth65,7fouts
223,Harlan,Burnell,hburnell66@cargocollective.com,Polygender,11-Dec-1906,hburnell66,u2O5hwnn4ws
224,Neille,O'Logan,nologan67@shop-pro.jp,Female,16-Oct-1912,nologan67,WTOezSD
225,Meridith,Chesterfield,mchesterfield68@deviantart.com,Female,27-May-1960,mchesterfield68,RO4kJlJCw9g7
226,Audra,Duncanson,aduncanson69@google.co.uk,Female,25-Oct-1978,aduncanson69,jUrKEc
227,Pearline,Streader,pstreader6a@fc2.com,Female,30-Oct-1940,pstreader6a,A29WkbWJB83
228,Gerrilee,Roston,groston6b@ask.com,Female,24-Sep-1902,groston6b,rNS9Cfvi
229,Carlin,Koppen,ckoppen6c@jugem.jp,Male,01-Nov-1928,ckoppen6c,TCccIILMM5KC
230,Mattias,Werny,mwerny6d@dailymotion.com,Male,29-Aug-1958,mwerny6d,gFNIzUCV
231,Robyn,Goodwill,rgoodwill6e@jalbum.net,Female,01-Jan-1997,rgoodwill6e,38vwaYKtU6p
232,Rochelle,Pridie,rpridie6f@harvard.edu,Bigender,20-Oct-1906,rpridie6f,jD2fMMSN946R
233,Malva,Brewins,mbrewins6g@telegraph.co.uk,Female,23-Jul-1991,mbrewins6g,i3z6fo7V4
234,Germana,De Andisie,gdeandisie6h@skype.com,Female,21-Feb-1998,gdeandisie6h,U5El2opGDY6
235,Rae,Hopfner,rhopfner6i@netlog.com,Female,14-Dec-1945,rhopfner6i,BZ9XTU
236,Marjy,Verner,mverner6j@google.fr,Female,20-Jan-1966,mverner6j,dFqkfLYQ
237,Rudd,Daffern,rdaffern6k@dailymail.co.uk,Male,06-Feb-1914,rdaffern6k,G7WYaCjX3um
238,Donetta,Cane,dcane6l@artisteer.com,Female,26-Apr-1959,dcane6l,MCGKJpJsM2Nq
239,Petr,Dillintone,pdillintone6m@amazonaws.com,Male,07-Oct-1906,pdillintone6m,hh7Psm1
240,Mayer,Korting,mkorting6n@reference.com,Male,11-Jan-2001,mkorting6n,8KWy93IrSvn
241,Wally,Spurdon,wspurdon6o@wikia.com,Female,19-Jun-1911,wspurdon6o,AmOEADG
242,Babette,Paxman,bpaxman6p@webeden.co.uk,Female,05-Mar-1960,bpaxman6p,7UYeiyaH
243,Bevvy,Rayman,brayman6q@jugem.jp,Female,20-Jun-1924,brayman6q,6CyR4owMO4Q
244,Pennie,Geall,pgeall6r@delicious.com,Male,16-Sep-1960,pgeall6r,oM9BKAI8gKTF
245,Carline,Fosher,cfosher6s@dot.gov,Female,29-Feb-1996,cfosher6s,uwIHNu
246,Elaine,Osmund,eosmund6t@webs.com,Female,03-Feb-1985,eosmund6t,y4usOb
247,Adele,Carneck,acarneck6u@angelfire.com,Bigender,07-Feb-1998,acarneck6u,KB8nXK
248,Robbie,Twitty,rtwitty6v@cnet.com,Female,28-Sep-1911,rtwitty6v,vy6JQZCd
249,Chrisse,De Giorgis,cdegiorgis6w@opera.com,Male,07-Nov-1930,cdegiorgis6w,1ybRiu
250,Paddy,Ply,pply6x@nytimes.com,Male,20-Apr-1977,pply6x,HMtgKM
251,Tomkin,Berrington,tberrington6y@rambler.ru,Male,02-Dec-1975,tberrington6y,pzC7akC
252,Pattie,Aherne,paherne6z@businessinsider.com,Male,17-Sep-1961,paherne6z,xiNPdMd
253,Madeline,Peat,mpeat70@marketwatch.com,Genderfluid,21-Apr-1933,mpeat70,mlI0px
254,Ramona,Dellar,rdellar71@businessweek.com,Female,06-Dec-1994,rdellar71,rqKbbow4WoUR
255,Prentiss,Millier,pmillier72@pen.io,Male,15-Apr-1990,pmillier72,RSGatNzxQPP
256,Fabien,de Amaya,fdeamaya73@goo.gl,Male,21-Jun-1972,fdeamaya73,pn54MriR
257,Vinita,Battill,vbattill74@imageshack.us,Female,15-May-1982,vbattill74,hRcNMRfbYB
258,Margeaux,Stanyer,mstanyer75@loc.gov,Female,23-Feb-1938,mstanyer75,jLCWIR
259,Carmine,Quantrell,cquantrell76@bloglovin.com,Male,27-Apr-1981,cquantrell76,K297dZtoFcV
260,Chick,Keizman,ckeizman77@upenn.edu,Male,13-Oct-1980,ckeizman77,nyefG2Be
261,Sergio,Sessuns,ssessuns78@apple.com,Male,23-Aug-1996,ssessuns78,x9qFE1
262,Elianore,Epilet,eepilet79@weather.com,Female,04-Aug-1921,eepilet79,0AWt3OHpT8U
263,Staford,McClifferty,smcclifferty7a@biblegateway.com,Male,12-Jan-1960,smcclifferty7a,u8LUzRMtQu
264,Glori,McTrustey,gmctrustey7b@123-reg.co.uk,Female,22-Apr-2001,gmctrustey7b,J7OgTu8kuiDx
265,Mickie,Jone,mjone7c@upenn.edu,Male,02-Aug-1925,mjone7c,eacUpdBQCDXH
266,Whittaker,Guswell,wguswell7d@google.com.hk,Male,14-Aug-1910,wguswell7d,O1JIeqRFZtfK
267,Marleah,Cargon,mcargon7e@furl.net,Female,22-Nov-1924,mcargon7e,uybrhH4t
268,Moshe,Statton,mstatton7f@shinystat.com,Male,16-Apr-1955,mstatton7f,qAbOBgwcFX
269,Theresa,Pleaden,tpleaden7g@businessinsider.com,Female,29-Jul-1920,tpleaden7g,oDUPly
270,Morgen,Thexton,mthexton7h@oaic.gov.au,Polygender,20-Jul-1915,mthexton7h,PnjLn8Ym
271,Alva,Ramsey,aramsey7i@netscape.com,Male,30-Aug-1903,aramsey7i,5fwrqZqviBK
272,Harcourt,Corneliussen,hcorneliussen7j@histats.com,Male,05-Jan-1980,hcorneliussen7j,c9lVfq0
273,Margi,Denness,mdenness7k@com.com,Female,20-Nov-1951,mdenness7k,KQU2tTx2pv4
274,Henryetta,Rings,hrings7l@squarespace.com,Female,18-Jan-1972,hrings7l,C928fUFetM
275,Darryl,Russilll,drussilll7m@indiegogo.com,Male,03-Feb-1931,drussilll7m,WxpIdsJNgo
276,Ariel,Itzchaki,aitzchaki7n@wp.com,Male,06-Nov-1999,aitzchaki7n,1DjerVQ9GZ
277,Ty,Huitt,thuitt7o@themeforest.net,Male,18-Oct-1992,thuitt7o,mRdujt
278,Angelita,Burnard,aburnard7p@yelp.com,Female,25-Oct-1995,aburnard7p,qPTNTsxv7dC9
279,Zebulen,Clevely,zclevely7q@mysql.com,Male,19-Nov-1910,zclevely7q,jaJflbncx6Hx
280,Harbert,Barrow,hbarrow7r@smugmug.com,Male,07-Dec-1936,hbarrow7r,lsl9j5NPLq
281,Norry,Ridewood,nridewood7s@stanford.edu,Male,04-Oct-1901,nridewood7s,bIbsTUae5t5
282,Ellie,Christy,echristy7t@ucla.edu,Female,26-Nov-1904,echristy7t,JUjCESR8Q0W
283,Everard,Mott,emott7u@dropbox.com,Bigender,29-May-1931,emott7u,nebcCRlmI
284,Libbi,Barabisch,lbarabisch7v@free.fr,Agender,24-Dec-1934,lbarabisch7v,zfBM9FKbiw
285,Kelci,Barritt,kbarritt7w@cam.ac.uk,Female,18-Mar-1972,kbarritt7w,q6QKn5CJkA
286,Esdras,Hargreaves,ehargreaves7x@surveymonkey.com,Male,07-Mar-1943,ehargreaves7x,IDc3SEk
287,Katharina,Esley,kesley7y@reverbnation.com,Polygender,28-Nov-1925,kesley7y,m2NblIqqi1r
288,Abbot,Pyett,apyett7z@addthis.com,Genderfluid,15-Apr-1950,apyett7z,4iykyc4tAs3
289,Dell,Rizzetti,drizzetti80@xrea.com,Male,29-Aug-1921,drizzetti80,gBwUrohkUgZd
290,Margo,Hannah,mhannah81@topsy.com,Female,10-Aug-1988,mhannah81,GPw5Q4
291,Price,Frazier,pfrazier82@unesco.org,Male,14-Mar-1968,pfrazier82,UyXRNu
292,Christa,Baylay,cbaylay83@g.co,Female,08-Sep-1972,cbaylay83,Q2i764srf92
293,Stephenie,Skyner,sskyner84@ifeng.com,Female,03-Jan-1954,sskyner84,2yN0Uxnn
294,Cob,Worcester,cworcester85@imgur.com,Male,05-Apr-1980,cworcester85,BqgVM9m
295,Greer,Liggons,gliggons86@dot.gov,Female,17-Aug-1909,gliggons86,u9s5hQGw
296,Joelly,Chatainier,jchatainier87@usda.gov,Genderfluid,04-Jul-1958,jchatainier87,dG7NT6Ocf08
297,Blondie,Dyte,bdyte88@google.pl,Female,05-May-1993,bdyte88,NcC94lTwyna
298,Walt,Farney,wfarney89@google.com.hk,Male,13-Mar-1963,wfarney89,Zz97kb
299,Noella,Koenraad,nkoenraad8a@answers.com,Female,12-Aug-1931,nkoenraad8a,jrLhVpHD
300,Denys,Wong,dwong8b@cam.ac.uk,Female,18-Nov-2002,dwong8b,dsxfE1fvKO
301,Burr,Lyles,blyles8c@amazon.com,Male,26-Jun-1954,blyles8c,nKwqv79T
302,Constantina,Harmar,charmar8d@surveymonkey.com,Female,25-May-1921,charmar8d,rstc6YXnj6f
303,Corey,Duncklee,cduncklee8e@irs.gov,Male,07-Feb-1997,cduncklee8e,XmeeXy7
304,Shannen,Labdon,slabdon8f@webmd.com,Female,27-Jun-1921,slabdon8f,Bpi68ail
305,Rafi,Durran,rdurran8g@cornell.edu,Male,12-Mar-1951,rdurran8g,QWobwb2
306,Dal,Haseley,dhaseley8h@yelp.com,Male,17-Aug-1955,dhaseley8h,hoq8swVKMG3
307,Engelbert,Oxbe,eoxbe8i@facebook.com,Male,28-Aug-1943,eoxbe8i,61ucbxS
308,Mallory,Groome,mgroome8j@shop-pro.jp,Female,03-Dec-1972,mgroome8j,TYvie55OAFv
309,Brendan,Bailles,bbailles8k@about.com,Male,24-Oct-1912,bbailles8k,Bom8pgOd1
310,Padraig,Kettoe,pkettoe8l@newsvine.com,Male,25-Dec-1908,pkettoe8l,5pCy8IQggA
311,Jo,Hubane,jhubane8m@apache.org,Female,03-Nov-1926,jhubane8m,LG2TVbD
312,Rebekkah,Holdren,rholdren8n@angelfire.com,Female,12-Oct-1938,rholdren8n,HcgGJkMIVs
313,Tessy,Wodham,twodham8o@time.com,Genderfluid,19-Jul-1977,twodham8o,oiLLGQ4q1XFd
314,Conni,Dowty,cdowty8p@squidoo.com,Female,17-Nov-1908,cdowty8p,EyITg44yDR
315,Archaimbaud,Curm,acurm8q@usa.gov,Male,12-Aug-1944,acurm8q,cT4XeAFgW6
316,Vite,Vernalls,vvernalls8r@toplist.cz,Male,06-Jul-1937,vvernalls8r,FuCPepZR
317,Windham,Kleinpeltz,wkleinpeltz8s@360.cn,Male,29-Oct-1953,wkleinpeltz8s,5dBlidhhag5
318,Dyanna,O'Sullivan,dosullivan8t@boston.com,Female,02-Jun-1902,dosullivan8t,wWvse0yh
319,Hyman,Druhan,hdruhan8u@prlog.org,Male,27-Jul-1952,hdruhan8u,YSToGmm7bUGG
320,Armand,Gaul,agaul8v@army.mil,Male,15-Jan-1931,agaul8v,R7KdUElcAUQ
321,Granger,Wollrauch,gwollrauch8w@sphinn.com,Male,20-Jul-1957,gwollrauch8w,xBT6pCv8E0
322,Lynnea,Lucey,llucey8x@topsy.com,Female,31-Aug-1907,llucey8x,OiAYJ4ZEFOo
323,Hamid,Slatcher,hslatcher8y@nationalgeographic.com,Male,22-Sep-1958,hslatcher8y,T07lfO
324,Stevy,Dwane,sdwane8z@blogger.com,Male,01-May-1954,sdwane8z,mLqU7GmqZ5
325,Griffie,Whitmell,gwhitmell90@booking.com,Male,29-Jun-1949,gwhitmell90,YkgbhjY
326,York,Lum,ylum91@comsenz.com,Male,20-Nov-1984,ylum91,ZUor1ojeZMH
327,Hartwell,Gurner,hgurner92@infoseek.co.jp,Male,11-Jun-1976,hgurner92,OFFVKU0
328,Sally,Turrill,sturrill93@google.cn,Female,27-May-1902,sturrill93,Gm5nbQNcl32B
329,Levey,Roark,lroark94@mail.ru,Male,22-Mar-1966,lroark94,rZJ14cv
330,Elvina,Columbell,ecolumbell95@twitpic.com,Female,05-Oct-1900,ecolumbell95,tlqAvG7Y
331,Roddy,Pomroy,rpomroy96@reference.com,Male,24-Mar-1972,rpomroy96,97vjLZk7
332,Rafe,Ungerecht,rungerecht97@stanford.edu,Male,25-Aug-1957,rungerecht97,8GlIonx
333,Hobard,Hunnam,hhunnam98@uol.com.br,Male,12-Oct-1915,hhunnam98,C8I6qbi
334,Lew,Linkie,llinkie99@npr.org,Male,31-May-1948,llinkie99,v97l3p2LJ7
335,Ashli,Tulk,atulk9a@auda.org.au,Female,07-Oct-1903,atulk9a,26xWtx6t
336,Kira,Burbridge,kburbridge9b@vimeo.com,Female,06-Jun-1912,kburbridge9b,uxExBlj
337,Daffie,Bernardeau,dbernardeau9c@ebay.com,Female,22-Jul-1963,dbernardeau9c,WaFSrwVDt
338,Mal,Scotchford,mscotchford9d@salon.com,Male,03-Feb-1974,mscotchford9d,cHvHpx79sn5
339,Frederico,Meysham,fmeysham9e@google.ru,Male,04-May-1932,fmeysham9e,DdNwGH0IZI
340,Nadean,Larkcum,nlarkcum9f@rakuten.co.jp,Female,12-Oct-1974,nlarkcum9f,vG1iBvBN
341,Josey,Frankiss,jfrankiss9g@nymag.com,Female,07-Jul-1972,jfrankiss9g,JFSil2XRhnaQ
342,Hayley,Weinberg,hweinberg9h@icq.com,Female,12-Mar-1943,hweinberg9h,7aJqBHPQ
343,Malachi,Mallalieu,mmallalieu9i@booking.com,Male,08-Jan-1973,mmallalieu9i,9JEaZc
344,Sollie,Goodbur,sgoodbur9j@usnews.com,Male,20-Nov-1948,sgoodbur9j,Nid4XrMAx
345,Christian,McLucas,cmclucas9k@scientificamerican.com,Female,28-Oct-1903,cmclucas9k,6I9NHhQ4QF
346,Cullin,Maase,cmaase9l@vinaora.com,Male,30-May-1958,cmaase9l,HSaz84tML8vd
347,Hannis,Paulsson,hpaulsson9m@so-net.ne.jp,Female,08-May-1993,hpaulsson9m,ux1jBPhg2b6s
348,Murvyn,Eagle,meagle9n@nydailynews.com,Male,23-May-1922,meagle9n,3P7CFSY
349,Bram,Janczyk,bjanczyk9o@icq.com,Male,17-Oct-1956,bjanczyk9o,F0ehkN
350,Elsbeth,Thain,ethain9p@yale.edu,Female,27-Apr-1963,ethain9p,fvNi4wleJ
351,Edi,Perrone,eperrone9q@alexa.com,Female,24-Jul-1929,eperrone9q,PCufNINHn
352,Jocelin,Nequest,jnequest9r@com.com,Female,15-Jul-1966,jnequest9r,qbpkkZiMFr
353,Korney,Guiel,kguiel9s@wired.com,Female,27-Sep-1951,kguiel9s,DnYyCLex8jv4
354,Vincents,Annice,vannice9t@mlb.com,Male,22-Dec-1951,vannice9t,jP7Wm2iIBGo
355,Dulcia,Tall,dtall9u@typepad.com,Female,20-Feb-1999,dtall9u,JgapW3tR6y
356,Ross,Wallbank,rwallbank9v@a8.net,Male,16-Feb-1920,rwallbank9v,2oPflfSti8
357,Bridget,Lumb,blumb9w@bing.com,Female,02-Jul-1921,blumb9w,UarBYr6Gk0o7
358,Elianora,Acedo,eacedo9x@a8.net,Female,17-Nov-1953,eacedo9x,3V28pbG
359,Nevil,Rickersy,nrickersy9y@narod.ru,Male,20-Jul-1978,nrickersy9y,r08MvRdB
360,Reta,Gouldie,rgouldie9z@lulu.com,Female,05-Mar-1938,rgouldie9z,J2W3uZVh
361,Loraine,Filkov,lfilkova0@discovery.com,Female,06-Jun-1923,lfilkova0,tdwThb
362,Jewelle,Feilden,jfeildena1@ask.com,Female,19-Jun-1952,jfeildena1,aVn7l3PM
363,Hanson,Wilsee,hwilseea2@netvibes.com,Male,20-Dec-1929,hwilseea2,oGOjDCWH
364,Adelle,Caren,acarena3@is.gd,Female,18-Jan-1947,acarena3,oQQ7hOuMG1
365,Emmalynne,Tunniclisse,etunniclissea4@stumbleupon.com,Female,30-Dec-1915,etunniclissea4,pv93vY9ZGJ
366,Nicola,McGoogan,nmcgoogana5@exblog.jp,Female,17-Mar-1913,nmcgoogana5,DrTIvoIY
367,Tobie,Breslin,tbreslina6@forbes.com,Male,09-Dec-1902,tbreslina6,csP9Xqnwrp
368,Byran,Faust,bfausta7@mapy.cz,Male,26-Jan-1981,bfausta7,Vm9pnPALDE55
369,Mata,Twatt,mtwatta8@netlog.com,Male,12-Aug-1994,mtwatta8,5Lky5Pi
370,Glynis,Sangwine,gsangwinea9@springer.com,Female,14-Apr-1949,gsangwinea9,qzoM535H5hLJ
371,Kenny,Barrington,kbarringtonaa@sakura.ne.jp,Non-binary,22-May-1907,kbarringtonaa,SJZbRi
372,Morgen,Tallman,mtallmanab@tmall.com,Male,31-Aug-1999,mtallmanab,emYeP6
373,Kessia,Lepper,klepperac@skype.com,Female,24-Feb-1939,klepperac,Px9hbrN
374,Georgiana,Georges,ggeorgesad@npr.org,Female,28-Jun-1987,ggeorgesad,eTYA4yjsuzM
375,Barron,Bowlesworth,bbowlesworthae@addtoany.com,Male,25-Jun-1989,bbowlesworthae,RlbIEjWtf
376,Adelheid,Joynes,ajoynesaf@google.ru,Female,24-Jun-1948,ajoynesaf,uBZdhpBLneR
377,Laverna,Raffan,lraffanag@toplist.cz,Female,04-Jul-1906,lraffanag,JRP4D3X8
378,Ola,Baert,obaertah@reuters.com,Female,05-Jul-1997,obaertah,khKgGqRCoCHB
379,Dion,Alessandrini,dalessandriniai@tumblr.com,Female,27-Oct-1945,dalessandriniai,gnISkSGZMeD
380,Aloin,Gaskill,agaskillaj@geocities.jp,Male,16-Nov-1985,agaskillaj,XoiyqnW
381,Brendin,Vany,bvanyak@irs.gov,Male,20-Oct-1903,bvanyak,pFb0OR
382,Lamar,Wittke,lwittkeal@bizjournals.com,Male,30-Apr-1959,lwittkeal,vTKKlfB
383,Morgun,Meir,mmeiram@cyberchimps.com,Male,25-Oct-1983,mmeiram,m6mOkGanaoMI
384,Samara,Satchell,ssatchellan@prnewswire.com,Female,20-Jan-1967,ssatchellan,T2HDmnf
385,Neel,Gilardi,ngilardiao@nih.gov,Genderfluid,13-Jun-1940,ngilardiao,P2028OP
386,Fionnula,Waye,fwayeap@51.la,Female,30-Nov-1977,fwayeap,Ad39Q41W1SL
387,Dareen,De Ambrosi,ddeambrosiaq@com.com,Genderfluid,07-Jan-1977,ddeambrosiaq,74gTalcSrc
388,Lydon,Chastelain,lchastelainar@china.com.cn,Male,29-Sep-1947,lchastelainar,Q0uxmgJx
389,Imogen,Hapgood,ihapgoodas@ebay.co.uk,Bigender,03-Sep-1961,ihapgoodas,oX1yysQQt
390,Camille,Mitie,cmitieat@howstuffworks.com,Female,12-Aug-1952,cmitieat,5rhA855BH
391,Alford,Cuphus,acuphusau@wsj.com,Male,25-May-1972,acuphusau,WhPEflF9fb
392,Bryan,Bogges,bboggesav@webeden.co.uk,Male,24-Jun-1981,bboggesav,NsHomCT0iTu
393,Gray,Leveret,gleveretaw@geocities.jp,Male,30-Apr-1914,gleveretaw,sO3ZmsZ
394,Viviene,Kitter,vkitterax@hugedomains.com,Female,10-May-1967,vkitterax,f8ofDDwy8Jg
395,Claudina,Timothy,ctimothyay@unc.edu,Female,06-Jul-2001,ctimothyay,BYqcjZ
396,Beverlie,Youster,byousteraz@weather.com,Female,23-Dec-1949,byousteraz,Ir7poCgCCE
397,Aryn,Goosey,agooseyb0@arstechnica.com,Female,13-Nov-1996,agooseyb0,3nSrRyM
398,Lurlene,Pittway,lpittwayb1@unesco.org,Female,13-May-1906,lpittwayb1,E5IA1RCtr
399,Florentia,Hourihane,fhourihaneb2@google.de,Female,28-Jan-1989,fhourihaneb2,Zc8HpoYl
400,Valentijn,Blampied,vblampiedb3@columbia.edu,Male,15-May-1954,vblampiedb3,PmW39GI92e
401,Pearline,Timeby,ptimebyb4@craigslist.org,Female,02-Dec-1914,ptimebyb4,JTbk32Y
402,Perry,Westnage,pwestnageb5@omniture.com,Female,25-Sep-1935,pwestnageb5,kLu94OI
403,Crysta,Yvon,cyvonb6@comcast.net,Female,21-Oct-1954,cyvonb6,LclpNXv
404,Nedda,Hiskey,nhiskeyb7@parallels.com,Female,07-May-1902,nhiskeyb7,JxhrfLRP67
405,Veronica,Gauson,vgausonb8@gravatar.com,Female,11-Feb-1949,vgausonb8,7UmBv96z
406,Pierson,Ewestace,pewestaceb9@naver.com,Male,27-Mar-1942,pewestaceb9,TzBsEOmXDf
407,Timmi,Faithfull,tfaithfullba@slideshare.net,Agender,02-Oct-1973,tfaithfullba,tBG1rxq
408,Finn,Gregs,fgregsbb@hatena.ne.jp,Male,07-Apr-1943,fgregsbb,YZG5mZ8ONVUw
409,Alexandr,Noell,anoellbc@sakura.ne.jp,Male,02-Oct-1932,anoellbc,UY6v9R
410,Siffre,Doyle,sdoylebd@ucsd.edu,Male,07-Dec-1955,sdoylebd,zZUoys
411,Milka,Steffans,msteffansbe@google.com.hk,Female,14-Sep-1922,msteffansbe,l3MxqLq7Xol7
412,Honor,Thorneywork,hthorneyworkbf@tuttocitta.it,Female,28-Jun-1990,hthorneyworkbf,PoCl84TeG
413,Cordelia,Szanto,cszantobg@home.pl,Female,20-Nov-1905,cszantobg,to5mIZBP
414,Lanny,Curtoys,lcurtoysbh@alexa.com,Bigender,25-Oct-1941,lcurtoysbh,zd8v2RYz
415,Daffi,Cortes,dcortesbi@wsj.com,Female,11-Mar-1930,dcortesbi,Xd047v
416,Reta,Orchard,rorchardbj@topsy.com,Female,08-Jun-1956,rorchardbj,DQ5wOQeEo0
417,Quinn,Juschka,qjuschkabk@hibu.com,Male,25-Dec-1908,qjuschkabk,t18Id3qh9RP
418,Reiko,Fiddy,rfiddybl@phpbb.com,Bigender,08-Sep-1991,rfiddybl,Ph76mUlp
419,Benedetto,Densey,bdenseybm@github.io,Male,21-Sep-1929,bdenseybm,xFgxwkgE3TWP
420,Garnette,Marler,gmarlerbn@sciencedirect.com,Female,26-May-1986,gmarlerbn,0qfJAQwq
421,Cleveland,Bunstone,cbunstonebo@booking.com,Male,09-Jul-1912,cbunstonebo,uhg16MtZyk
422,Rayner,Alvarado,ralvaradobp@networkadvertising.org,Male,15-Apr-1931,ralvaradobp,JM0n9mBC7F
423,Liana,Windus,lwindusbq@1und1.de,Female,19-Jan-1942,lwindusbq,dDspYavI6
424,Dorie,Rabidge,drabidgebr@bbc.co.uk,Female,07-May-1939,drabidgebr,Il7GJygTfB9X
425,Stirling,Rogeron,srogeronbs@friendfeed.com,Male,23-Feb-1963,srogeronbs,YWka9Hm56P
426,Sandra,Dodshon,sdodshonbt@artisteer.com,Female,12-Jul-1990,sdodshonbt,NGRGGo
427,Wilone,Meryett,wmeryettbu@gov.uk,Female,02-Sep-1921,wmeryettbu,2DtfWa4Awib
428,Rey,Taplin,rtaplinbv@buzzfeed.com,Agender,26-Feb-1925,rtaplinbv,sZpWozH
429,Kerby,Bottoms,kbottomsbw@sogou.com,Male,25-Jul-1918,kbottomsbw,Qy3yPQAa
430,Barnabe,Chomicki,bchomickibx@newsvine.com,Male,25-Oct-1974,bchomickibx,qTSW59jc
431,Anny,Shieldon,ashieldonby@sun.com,Female,24-Nov-1963,ashieldonby,S3hnW5wb
432,Westleigh,Osmond,wosmondbz@globo.com,Male,03-Jul-1948,wosmondbz,oVyxu4vbhU
433,Culley,Poupard,cpoupardc0@ehow.com,Male,10-Feb-1951,cpoupardc0,FkshQmm
434,Dredi,Rosenschein,drosenscheinc1@soundcloud.com,Female,29-Jun-1964,drosenscheinc1,ZA6CeGQfg09O
435,Tierney,Reis,treisc2@photobucket.com,Female,07-Apr-1945,treisc2,XBTzOu8ce
436,Ginnie,Maccrae,gmaccraec3@tamu.edu,Female,12-Jan-1982,gmaccraec3,g8TPPQ6TYT
437,Stearn,de Clerk,sdeclerkc4@sun.com,Male,26-Feb-1916,sdeclerkc4,AUpvxXS
438,Nikki,Viste,nvistec5@mediafire.com,Male,29-May-1969,nvistec5,xVCeYZKKnO
439,Freda,Godwyn,fgodwync6@state.gov,Female,27-Mar-1967,fgodwync6,cpst2Jl8q
440,Bondie,Quilligan,bquilliganc7@npr.org,Male,17-Oct-1958,bquilliganc7,h0Qh050QmE9P
441,Oriana,Izaks,oizaksc8@independent.co.uk,Female,30-Mar-1954,oizaksc8,MbiGrAbvAf1
442,Theda,Patkin,tpatkinc9@simplemachines.org,Female,21-Dec-1920,tpatkinc9,x8ZcHcBeMpsq
443,Curt,Lugden,clugdenca@sciencedirect.com,Male,03-Jan-1920,clugdenca,Ake0Zf7NmK
444,Dov,Beldom,dbeldomcb@meetup.com,Male,09-Jun-1909,dbeldomcb,iUlentw7h
445,Nanice,Arnely,narnelycc@blinklist.com,Non-binary,12-Jul-1924,narnelycc,BJE5ehhNA
446,Bobby,Collcott,bcollcottcd@apple.com,Male,26-May-1947,bcollcottcd,zwod9T9YE6
447,Ernestus,Nozzolinii,enozzoliniice@google.com.br,Male,24-Oct-1968,enozzoliniice,gsfoNbrTYt
448,Bliss,Cresswell,bcresswellcf@nba.com,Female,09-Jun-1927,bcresswellcf,d6baZGO
449,Aharon,Dacks,adackscg@sbwire.com,Male,08-Mar-1914,adackscg,JHSpZLG7l
450,Myrtle,Gillinghams,mgillinghamsch@loc.gov,Female,16-May-1907,mgillinghamsch,PHlhMnnavVTE
451,Hanson,Letty,hlettyci@chronoengine.com,Male,09-Feb-1973,hlettyci,6rieah
452,Rog,Bourdel,rbourdelcj@ihg.com,Male,17-Nov-1919,rbourdelcj,nM5xNZjo
453,Emilee,Thinn,ethinnck@about.me,Female,04-Sep-1911,ethinnck,xMG44qLS5tlZ
454,Noby,Cloy,ncloycl@google.com.au,Male,22-Oct-1960,ncloycl,KsDHe4e0o
455,Barty,Laight,blaightcm@unicef.org,Male,04-Jul-1983,blaightcm,g6FcyFDTqfL
456,Aggi,Beardow,abeardowcn@nhs.uk,Female,17-Jan-1910,abeardowcn,w1byqmO4w
457,Giffer,Piola,gpiolaco@wiley.com,Male,01-Aug-1946,gpiolaco,LXFspwLhY
458,Oralla,Gerber,ogerbercp@cbslocal.com,Female,30-Nov-1913,ogerbercp,t9fY1QbdftB
459,Brady,Fierman,bfiermancq@etsy.com,Male,31-Dec-1988,bfiermancq,AsCztP
460,Darrell,Vidloc,dvidloccr@gravatar.com,Male,04-Jan-1917,dvidloccr,4hmZR590RDIQ
461,Astra,Measures,ameasurescs@telegraph.co.uk,Female,12-Oct-1993,ameasurescs,pogWZVPcxppX
462,Lillis,Lightbourn,llightbournct@reference.com,Female,30-Aug-1922,llightbournct,KZKpVmBnl
463,Gloriana,Jewster,gjewstercu@adobe.com,Agender,10-Nov-1904,gjewstercu,f0t48CYN
464,Mathian,Toohey,mtooheycv@weibo.com,Male,26-Aug-1991,mtooheycv,16TxM3G1ul
465,Frederich,Brasier,fbrasiercw@umich.edu,Male,26-Oct-1975,fbrasiercw,adOUU2gwx
466,Greggory,Chellam,gchellamcx@opera.com,Male,14-Aug-1972,gchellamcx,Gy9ByO1ZrI
467,Sarine,Tume,stumecy@wix.com,Female,29-Jun-1975,stumecy,aDGMtjRKs
468,Ynes,Pelerin,ypelerincz@mapy.cz,Female,05-Nov-1928,ypelerincz,B4W9pW
469,Constancy,Caslett,ccaslettd0@simplemachines.org,Female,19-Nov-2002,ccaslettd0,bjA7PalYq0
470,Vincent,Castenda,vcastendad1@alexa.com,Male,11-Mar-1958,vcastendad1,HbMKGzJ5iqsG
471,Philip,Kellart,pkellartd2@gmpg.org,Male,27-Dec-1999,pkellartd2,CT7J8xEi
472,Eugenie,Foot,efootd3@earthlink.net,Female,07-Sep-1991,efootd3,iohxufB3
473,Afton,Maloney,amaloneyd4@list-manage.com,Female,09-Nov-1948,amaloneyd4,iMCUp1e7a
474,Papagena,Boutcher,pboutcherd5@bizjournals.com,Female,27-May-1908,pboutcherd5,y9eoLIaAwSG
475,Alayne,Kilroy,akilroyd6@amazon.de,Female,27-Aug-1915,akilroyd6,D4tVKa
476,Tiebout,Fitchet,tfitchetd7@creativecommons.org,Male,14-Nov-1957,tfitchetd7,L7FC4tZ7geF
477,Adrea,Shelford,ashelfordd8@nih.gov,Female,19-Sep-1944,ashelfordd8,0qJvXfotSFQr
478,Cordie,Alldre,calldred9@smh.com.au,Non-binary,24-Dec-1989,calldred9,RDqU9qccZ
479,Nero,Horley,nhorleyda@theglobeandmail.com,Male,29-May-1973,nhorleyda,or67sQ0
480,Ole,Sickert,osickertdb@admin.ch,Male,05-Oct-1912,osickertdb,ylLauwSZBA
481,Yalonda,Backson,ybacksondc@cocolog-nifty.com,Female,31-Aug-1939,ybacksondc,92omiCBpoa
482,Iain,Casella,icaselladd@senate.gov,Non-binary,04-Oct-1993,icaselladd,17BTvDHF
483,Beret,Gillitt,bgillittde@fda.gov,Female,16-Jun-1994,bgillittde,7KZ4E4n
484,Gustavo,Moorey,gmooreydf@squidoo.com,Male,07-Oct-1902,gmooreydf,lT92GYx8v
485,Malinda,Hallam,mhallamdg@samsung.com,Female,01-Sep-1958,mhallamdg,yXavR1
486,Olly,Allsebrook,oallsebrookdh@arizona.edu,Male,21-Apr-1940,oallsebrookdh,lrO4KTTLd
487,Gilli,Zannetti,gzannettidi@nationalgeographic.com,Female,04-Sep-1924,gzannettidi,9xzFlj
488,Jobie,Helliwell,jhelliwelldj@unesco.org,Female,30-May-1935,jhelliwelldj,WoZAXMHj
489,Pascal,Ansley,pansleydk@archive.org,Male,11-Feb-1923,pansleydk,aUT2BL
490,Jaquenetta,Glading,jgladingdl@privacy.gov.au,Female,31-Jan-1991,jgladingdl,9RpEoRKno
491,Gan,Jaze,gjazedm@a8.net,Male,25-Jul-1937,gjazedm,Bz9lSjKnXZTd
492,Vassily,Landrick,vlandrickdn@latimes.com,Male,28-Sep-1980,vlandrickdn,ngMsspj2ll
493,Lauretta,Cuberley,lcuberleydo@1688.com,Female,23-Sep-1930,lcuberleydo,cXehbx
494,Lin,De'Vere - Hunt,ldeverehuntdp@indiatimes.com,Female,03-Jun-1919,ldeverehuntdp,PBDapx1
495,Hamid,McPeeters,hmcpeetersdq@princeton.edu,Male,07-May-1952,hmcpeetersdq,8SOUwnX
496,Luca,Penni,lpennidr@wisc.edu,Non-binary,27-Oct-1924,lpennidr,IUTjIofeYJ
497,Nonie,Croy,ncroyds@cnn.com,Female,30-Jan-1902,ncroyds,DwjU7piVX
498,Burnard,Borthram,bborthramdt@census.gov,Male,27-Dec-1944,bborthramdt,pjLqsn5YuP7Z
499,Portie,Goodee,pgoodeedu@forbes.com,Male,23-Feb-1979,pgoodeedu,zNrkc1g
500,Benyamin,MacElane,bmacelanedv@boston.com,Male,12-Oct-1957,bmacelanedv,H6zWE5
501,Kathlin,Dominguez,kdominguezdw@deliciousdays.com,Female,19-Nov-1992,kdominguezdw,iKKARTPU
502,Evie,Hatherley,ehatherleydx@desdev.cn,Female,18-Apr-1909,ehatherleydx,kxiK8Fi
503,Lutero,Gunda,lgundady@canalblog.com,Male,05-Nov-1946,lgundady,dM4GVu063gf
504,Adora,Gheorghescu,agheorghescudz@fotki.com,Non-binary,27-Apr-2003,agheorghescudz,t6vqnJAQ
505,Griselda,Bernocchi,gbernocchie0@squidoo.com,Female,06-Apr-1934,gbernocchie0,i7FLaH7
506,Gabbi,Gaiger,ggaigere1@opensource.org,Non-binary,21-Jun-1908,ggaigere1,eZOYdnrb
507,Raff,Pidcock,rpidcocke2@icq.com,Male,19-Nov-1915,rpidcocke2,xtJZZmMP0L
508,Arlen,McLernon,amclernone3@newsvine.com,Male,21-Jul-1910,amclernone3,zPNhSYgpkP
509,Rowen,Sheivels,rsheivelse4@walmart.com,Male,06-Jul-1933,rsheivelse4,UpOPjvrhsvt
510,Ibbie,Briscam,ibriscame5@ask.com,Female,04-Jun-1912,ibriscame5,hmEWptX
511,Gordan,Larrie,glarriee6@arizona.edu,Male,06-Apr-1908,glarriee6,XhBiT0tWtNHd
512,Ameline,Crighton,acrightone7@umn.edu,Non-binary,03-Jun-1968,acrightone7,ZW7rjkXP
513,Vladimir,Colmer,vcolmere8@smh.com.au,Male,03-May-1998,vcolmere8,FsPgykMs
514,Kiah,Bakes,kbakese9@discuz.net,Female,31-Jul-1940,kbakese9,erSK1ey91
515,Violet,Sandyford,vsandyfordea@cbsnews.com,Female,24-Apr-1913,vsandyfordea,7we0rxq
516,Valera,Noonan,vnoonaneb@nsw.gov.au,Female,19-Oct-1922,vnoonaneb,ahvWBqY
517,Fiona,Toplin,ftoplinec@army.mil,Female,20-May-1979,ftoplinec,LnOhOOBF9J7
518,Ricca,Mattingley,rmattingleyed@bizjournals.com,Female,22-Apr-1917,rmattingleyed,jpbz5gb79
519,Elden,McMinn,emcminnee@ifeng.com,Male,23-Apr-2001,emcminnee,9aB8kSD3blA
520,Tracy,Rubertis,trubertisef@dropbox.com,Female,01-Jan-1909,trubertisef,CA9j3N
521,Alisha,Topes,atopeseg@people.com.cn,Female,11-Apr-1935,atopeseg,s83T2jRkepH
522,Roxanna,Kinig,rkinigeh@smugmug.com,Female,24-Aug-1911,rkinigeh,sB2paR
523,Keven,McMechan,kmcmechanei@wix.com,Male,16-Mar-1990,kmcmechanei,HgBtUIBct
524,Sheridan,Huonic,shuonicej@ibm.com,Male,23-May-1946,shuonicej,tkp9nKWXo
525,Mariska,Rosenbaum,mrosenbaumek@nih.gov,Female,18-Oct-1957,mrosenbaumek,9iBM8r
526,Field,Onge,fongeel@elpais.com,Male,17-Sep-1971,fongeel,N12h6K
527,Albert,Godfery,agodferyem@exblog.jp,Male,28-Oct-1963,agodferyem,okuJSckO9d
528,Zabrina,Ashleigh,zashleighen@lulu.com,Female,06-Jan-1966,zashleighen,iv71SQumV
529,Eugene,Stemp,estempeo@phpbb.com,Genderfluid,25-Jul-1996,estempeo,viXTTmczzIJ
530,Onfroi,Roan,oroanep@jalbum.net,Male,29-Jun-1934,oroanep,QZCnWSO0p
531,Uriah,Minot,uminoteq@studiopress.com,Male,23-Feb-1993,uminoteq,lrtxfSBiM
532,Eleonore,Vlahos,evlahoser@ihg.com,Female,06-Feb-1974,evlahoser,Zma2Ph42
533,Chrissy,Outlaw,coutlawes@businessinsider.com,Polygender,29-Nov-1911,coutlawes,5dyNiPQr9E
534,Leonora,Falkous,lfalkouset@sogou.com,Female,18-Oct-1902,lfalkouset,kb89HI
535,Lillis,Waycott,lwaycotteu@army.mil,Female,15-Aug-1963,lwaycotteu,LZwDtXvE0RJ
536,Charil,Probbings,cprobbingsev@elegantthemes.com,Bigender,13-Aug-1956,cprobbingsev,grdsvrkHn2C
537,Derry,Strowan,dstrowanew@hc360.com,Male,30-Mar-1969,dstrowanew,gAZIRd5kz
538,Romy,Iliffe,riliffeex@webmd.com,Female,15-Apr-1904,riliffeex,jJGTrrxAESsJ
539,Mattias,Wrout,mwroutey@meetup.com,Male,15-Dec-1942,mwroutey,6KYD2Dds6
540,Rafe,Boller,rbollerez@imgur.com,Male,30-Dec-1959,rbollerez,KKsxX1QXU
541,Teodorico,Rydings,trydingsf0@livejournal.com,Male,23-Mar-1969,trydingsf0,VyBoQizx75
542,Glynis,Peddar,gpeddarf1@slideshare.net,Female,18-Jul-1969,gpeddarf1,9a5GLpi4N
543,Carmela,Kingscott,ckingscottf2@chronoengine.com,Female,13-Sep-1965,ckingscottf2,QQLIPLgB
544,Blanca,O' Lone,bolonef3@washingtonpost.com,Female,19-Feb-1906,bolonef3,t5bwmRXLilQm
545,Prince,Leghorn,pleghornf4@google.co.jp,Genderqueer,29-Jan-1941,pleghornf4,VCs5eW1wnD
546,Dniren,Beslier,dbeslierf5@cnet.com,Female,18-Sep-2000,dbeslierf5,r6eAV7
547,Noel,Barnard,nbarnardf6@mozilla.com,Female,12-Dec-1959,nbarnardf6,cdkDRxS
548,Arnold,Grewe,agrewef7@nih.gov,Male,09-Mar-1978,agrewef7,eDcsnKjea
549,Marci,Rasch,mraschf8@japanpost.jp,Female,11-Jan-1960,mraschf8,AEOw1uP
550,Stanly,Zecchetti,szecchettif9@github.com,Male,01-Dec-1912,szecchettif9,ouTIiU8dUS
551,Edmund,La Grange,elagrangefa@rediff.com,Male,11-Oct-1938,elagrangefa,f27Zof5KYMZG
552,Emanuele,Roon,eroonfb@census.gov,Male,07-Feb-1900,eroonfb,YZpLiwbZX7jg
553,Nico,Bowley,nbowleyfc@japanpost.jp,Male,12-Oct-1928,nbowleyfc,29Bg0SS8J
554,Zacherie,Nowaczyk,znowaczykfd@nature.com,Male,22-Mar-1954,znowaczykfd,Px5KtbWQWKzq
555,Pepi,Hudson,phudsonfe@indiegogo.com,Female,07-Feb-1919,phudsonfe,tkwCEU
556,Kaja,Scoyles,kscoylesff@imageshack.us,Female,22-Oct-1945,kscoylesff,qlUuuR
557,Fernande,Renol,frenolfg@wp.com,Female,23-Apr-1961,frenolfg,ekDVAZIA6SFV
558,Bone,Krysztowczyk,bkrysztowczykfh@wikispaces.com,Male,01-Mar-1941,bkrysztowczykfh,njw22m6V9
559,Janka,Coudray,jcoudrayfi@google.co.jp,Female,18-Jul-1958,jcoudrayfi,jJYvexXC9C
560,Elane,Emloch,eemlochfj@bandcamp.com,Polygender,11-Apr-1984,eemlochfj,CYNdIwy
561,Rhonda,Jeays,rjeaysfk@google.com.hk,Female,26-Jan-1985,rjeaysfk,hJ2kH9SfYkE
562,D'arcy,Voysey,dvoyseyfl@rakuten.co.jp,Male,06-Jun-1951,dvoyseyfl,vI8ZoX
563,Alma,Hughs,ahughsfm@illinois.edu,Female,13-Jan-1919,ahughsfm,FxGbOV7h
564,Rik,Voyce,rvoycefn@weebly.com,Male,18-Aug-2001,rvoycefn,VCUnGOyj7Tb
565,Blakeley,Poytress,bpoytressfo@fotki.com,Female,16-Nov-1978,bpoytressfo,CrCb6XsXYZDp
566,Cris,Matchitt,cmatchittfp@unblog.fr,Male,09-Nov-1998,cmatchittfp,JvyHqFU
567,Helena,Archbell,harchbellfq@4shared.com,Female,11-Jun-1927,harchbellfq,VcpEU7PJ4
568,Trevor,McKibbin,tmckibbinfr@cdc.gov,Male,12-Apr-1909,tmckibbinfr,UE6zkZUP
569,Pier,Bescoby,pbescobyfs@psu.edu,Agender,23-Aug-1931,pbescobyfs,q5jgWC2vc
570,Constantina,McCrae,cmccraeft@wikipedia.org,Female,20-May-2003,cmccraeft,5AJ41wVtVDzM
571,Tiffi,Kitman,tkitmanfu@patch.com,Female,30-May-2003,tkitmanfu,ubkAYKCo
572,Kenon,Furtado,kfurtadofv@ovh.net,Male,08-Sep-1979,kfurtadofv,uZly8Tlkavd
573,Darb,Shorey,dshoreyfw@spiegel.de,Female,29-Jun-1960,dshoreyfw,O3Davadtfq
574,Rickie,MacKimm,rmackimmfx@epa.gov,Female,11-Oct-1930,rmackimmfx,bavJMfb
575,Fern,Tasker,ftaskerfy@dyndns.org,Female,03-Aug-1940,ftaskerfy,1LT381vsgeL
576,Cecily,Ackenhead,cackenheadfz@wordpress.org,Female,04-Dec-1999,cackenheadfz,iDdtuOrcn3D
577,Minerva,Keppel,mkeppelg0@house.gov,Female,24-Feb-1958,mkeppelg0,BIzDkpt8GnEr
578,Luce,Tarplee,ltarpleeg1@sitemeter.com,Female,08-Oct-1902,ltarpleeg1,GvMcOYBeKD
579,Bethena,Butters,bbuttersg2@stumbleupon.com,Female,14-Jan-1923,bbuttersg2,3FWQWdQKPQi
580,Georgianne,Maron,gmarong3@ask.com,Genderfluid,22-Aug-1928,gmarong3,tEkvn0d4
581,Abby,Rogge,aroggeg4@hubpages.com,Female,25-Jun-1962,aroggeg4,cipDsioOIXDA
582,Philip,Robjents,probjentsg5@oakley.com,Male,26-Jul-1981,probjentsg5,QKdcAJX5m
583,Willi,Garahan,wgarahang6@jiathis.com,Female,12-Aug-2000,wgarahang6,EnIMXhmrD8
584,Tomasine,MacTerlagh,tmacterlaghg7@elpais.com,Female,10-Feb-1999,tmacterlaghg7,RkqwzJBLXGz
585,Garrett,Heggadon,gheggadong8@va.gov,Male,19-Dec-1921,gheggadong8,51hociPasddX
586,Octavius,Stratz,ostratzg9@topsy.com,Male,01-Jun-1917,ostratzg9,t2KHgcSvv
587,Peadar,Taveriner,ptaverinerga@simplemachines.org,Male,11-Apr-1979,ptaverinerga,lrfkiMrMVwj
588,Dylan,Cowdroy,dcowdroygb@wordpress.com,Male,16-Sep-1932,dcowdroygb,AB3UzeVYEXiw
589,Teena,Casement,tcasementgc@dot.gov,Female,21-May-1912,tcasementgc,k72e1HNXvPB
590,Merry,McPhelimy,mmcphelimygd@reuters.com,Male,21-Mar-1928,mmcphelimygd,EXyBJtoQJ
591,Cybill,Strelitz,cstrelitzge@is.gd,Female,23-Apr-1927,cstrelitzge,C6DhTIl
592,Starlene,Taveriner,staverinergf@ftc.gov,Polygender,01-May-1972,staverinergf,WYBk0DKw9db
593,Marj,Godby,mgodbygg@livejournal.com,Genderfluid,02-Oct-1949,mgodbygg,alr97Og
594,Bo,Tollady,btolladygh@wordpress.org,Male,19-Sep-1912,btolladygh,DC0ByLIMQTR
595,Gerri,Linacre,glinacregi@imageshack.us,Male,07-Jun-1996,glinacregi,d6INFh
596,Dorie,Gingedale,dgingedalegj@instagram.com,Male,08-Jun-1981,dgingedalegj,yVvUXZ
597,Izak,Gentil,igentilgk@google.com,Male,20-Nov-1972,igentilgk,tmg1gvqAJI
598,Karon,Senton,ksentongl@phpbb.com,Female,23-Jul-1992,ksentongl,1knzFlDlmX12
599,Ruddy,Carik,rcarikgm@cornell.edu,Male,02-Feb-1930,rcarikgm,TDKcpm
600,Gay,Hounsom,ghounsomgn@si.edu,Female,07-Sep-1945,ghounsomgn,OsW3Ml
601,Tann,Hearfield,thearfieldgo@fotki.com,Male,15-Mar-1973,thearfieldgo,Kzw47hUdQBX
602,Harwilll,Winsiowiecki,hwinsiowieckigp@uiuc.edu,Male,14-Aug-1949,hwinsiowieckigp,4UXirt2h
603,Beret,Kaasman,bkaasmangq@bing.com,Female,27-Jun-1955,bkaasmangq,uoOdFkcZ
604,Nathanael,Brookes,nbrookesgr@chronoengine.com,Male,03-Dec-1925,nbrookesgr,AkqlvB
605,Gothart,Houseago,ghouseagogs@macromedia.com,Male,24-Jun-1943,ghouseagogs,WBIf0v
606,Viviene,Tout,vtoutgt@icio.us,Female,14-Oct-1992,vtoutgt,VxcP26sOtfE
607,Sher,De Mico,sdemicogu@admin.ch,Agender,03-Mar-1985,sdemicogu,daPpoKVqEEPC
608,Amabel,Billborough,abillboroughgv@diigo.com,Female,25-Nov-1924,abillboroughgv,P97TwVo03
609,Nan,Magowan,nmagowangw@wiley.com,Female,16-Jan-1939,nmagowangw,mphqfxutSFB
610,Josee,Hatrick,jhatrickgx@scientificamerican.com,Female,15-Aug-1907,jhatrickgx,mVxzmYL
611,Ruperto,Kipling,rkiplinggy@hexun.com,Non-binary,10-Apr-1983,rkiplinggy,4DDYiAWKP83v
612,Aleen,Willers,awillersgz@arstechnica.com,Female,01-Apr-1977,awillersgz,Oofpwg6
613,Evin,Cadle,ecadleh0@bigcartel.com,Male,16-Aug-1939,ecadleh0,X4pLROK
614,Errol,Guillet,eguilleth1@scribd.com,Male,16-Sep-1956,eguilleth1,QowHPeA
615,Dagmar,Hairsnape,dhairsnapeh2@java.com,Female,11-Sep-1963,dhairsnapeh2,qdaJen
616,Gherardo,Kirman,gkirmanh3@who.int,Male,12-Oct-1957,gkirmanh3,LWFjXl
617,Ali,Schott,aschotth4@amazon.co.uk,Female,02-Aug-1904,aschotth4,T65zlYzmo4
618,Opal,Arno,oarnoh5@goo.ne.jp,Genderfluid,26-Apr-1997,oarnoh5,hvxL96uqiZtw
619,Merle,Linneman,mlinnemanh6@wsj.com,Male,21-Sep-1921,mlinnemanh6,8O9LSrusf
620,Felike,Guinane,fguinaneh7@discuz.net,Male,23-Feb-1970,fguinaneh7,WYoOsEIsElw6
621,Danyelle,Dennington,ddenningtonh8@tuttocitta.it,Female,01-Jul-1995,ddenningtonh8,VwMBHhUMWbIp
622,Elsy,Marden,emardenh9@bloomberg.com,Female,11-Jun-1962,emardenh9,7wUcdtf8Lfn
623,Eolande,Tottem,etottemha@amazonaws.com,Genderfluid,09-Sep-1921,etottemha,8TDAa8tS6Qyc
624,Osbourne,Cluderay,ocluderayhb@skyrock.com,Male,21-Aug-1922,ocluderayhb,LAgHW3TtQ
625,Gonzalo,Natte,gnattehc@yelp.com,Male,07-Apr-2002,gnattehc,aOF376
626,Antonie,Dunckley,adunckleyhd@bravesites.com,Female,03-Feb-1981,adunckleyhd,odsg7dh5VjDW
627,Beverlie,Besant,bbesanthe@hp.com,Female,20-Dec-1928,bbesanthe,13qVz6YJ
628,Denna,Caves,dcaveshf@myspace.com,Female,18-Feb-1963,dcaveshf,7uzai2J1el
629,Emmanuel,Jacobsz,ejacobszhg@craigslist.org,Male,07-Dec-1939,ejacobszhg,kqxkHWAv
630,Evelin,Blethin,eblethinhh@techcrunch.com,Male,30-May-1916,eblethinhh,P8O1B1
631,Rich,Seath,rseathhi@hatena.ne.jp,Male,30-Jul-1964,rseathhi,KT6juUHIjdC
632,Selby,Bellhouse,sbellhousehj@cnn.com,Male,22-Jun-1913,sbellhousehj,kU0YT4cV
633,Nanny,Wylie,nwyliehk@yandex.ru,Female,18-Jul-1913,nwyliehk,4lZQCf
634,Zoe,Wapples,zwappleshl@lycos.com,Female,27-Jan-1946,zwappleshl,jxHMDRgsdpgk
635,Tabbie,de Pinna,tdepinnahm@nifty.com,Male,28-Feb-1933,tdepinnahm,OzsOwiEr7e
636,Alma,Jobes,ajobeshn@google.de,Female,03-Sep-1910,ajobeshn,sgCR7teeyra
637,Marcos,Hofer,mhoferho@kickstarter.com,Male,24-May-1903,mhoferho,lYZJRN
638,Brittni,Wilshaw,bwilshawhp@bing.com,Female,18-Aug-1990,bwilshawhp,BQYtTZ
639,Idell,Cicci,iciccihq@blogspot.com,Female,28-Feb-1968,iciccihq,Kg4xzJ
640,Tobin,Schruyer,tschruyerhr@yelp.com,Male,06-Aug-1958,tschruyerhr,4eRrEPUFbM
641,Ernestus,Cannam,ecannamhs@tuttocitta.it,Male,16-Jul-1992,ecannamhs,0Riun0Ce6e
642,Shela,Abele,sabeleht@va.gov,Female,03-Apr-1955,sabeleht,SJYST7qtb
643,Peirce,Wiskar,pwiskarhu@merriam-webster.com,Male,06-Nov-1954,pwiskarhu,KbmBRT3VUO
644,Alyss,Mangan,amanganhv@mail.ru,Genderqueer,19-Nov-1993,amanganhv,8t5sgVcUO
645,Janeva,Gossage,jgossagehw@joomla.org,Female,21-Jun-1922,jgossagehw,euflAPWYtkl
646,Stepha,Sima,ssimahx@jugem.jp,Female,16-Apr-1999,ssimahx,tv7zsMqq
647,Luci,Chatt,lchatthy@bbc.co.uk,Female,29-Dec-2000,lchatthy,5s3yDs5n1CQA
648,Hernando,Baroc,hbarochz@cloudflare.com,Male,15-May-1984,hbarochz,SoM7yL
649,Dido,Gurko,dgurkoi0@princeton.edu,Female,09-Feb-1918,dgurkoi0,7mNUbtlu9
650,Sharron,Scotchbrook,sscotchbrooki1@google.co.jp,Female,18-Nov-1970,sscotchbrooki1,kU5soHGEa
651,Gerard,Eilhermann,geilhermanni2@auda.org.au,Male,12-Apr-1976,geilhermanni2,i4s0dXX1
652,Chrotoem,Rau,craui3@google.pl,Male,04-Dec-1998,craui3,5MlJqvUp3Sl8
653,Fransisco,Simakov,fsimakovi4@typepad.com,Male,20-Sep-1941,fsimakovi4,KdFeSV
654,Elena,Eblein,eebleini5@fotki.com,Female,02-Nov-1986,eebleini5,KmlxBwG
655,Delano,Wigley,dwigleyi6@sitemeter.com,Male,24-Jan-1964,dwigleyi6,WQFZheTJtsAD
656,Stanley,Delwater,sdelwateri7@e-recht24.de,Male,14-Dec-1995,sdelwateri7,nWb9PGQu
657,Dannel,Plaistowe,dplaistowei8@comsenz.com,Male,04-Jul-1951,dplaistowei8,7wb7GaM3SI
658,Rodger,Falkinder,rfalkinderi9@com.com,Male,06-Mar-1918,rfalkinderi9,Rabqo5OaRG8
659,Harley,Fosberry,hfosberryia@unicef.org,Agender,31-Jan-1996,hfosberryia,ROD8IGLg
660,Jamal,Tomlin,jtomlinib@nba.com,Male,16-May-1991,jtomlinib,LffDqokWj
661,Olympie,Creswell,ocreswellic@dagondesign.com,Female,23-Sep-1978,ocreswellic,af3LTemB
662,Marlin,Marusyak,mmarusyakid@twitter.com,Male,03-Jan-1984,mmarusyakid,mPmtsKjnzrz
663,Frankie,Etoile,fetoileie@bbb.org,Female,06-Aug-1921,fetoileie,OlVtgKI
664,Ermin,Roycroft,eroycroftif@surveymonkey.com,Male,19-Jun-1944,eroycroftif,3jqgO5nzHk
665,Ileana,Bowland,ibowlandig@alibaba.com,Female,25-Dec-1903,ibowlandig,n78eT5fDgt
666,Annabelle,Nield,anieldih@tuttocitta.it,Female,15-Feb-1943,anieldih,txuPVFE
667,Corry,Tremolieres,ctremolieresii@goo.ne.jp,Female,07-Sep-1943,ctremolieresii,bUaKcV5lsN8
668,Sarette,Tennison,stennisonij@goo.ne.jp,Female,03-Mar-1970,stennisonij,d1XUg6TJSSsQ
669,Ogdon,Dubock,odubockik@jigsy.com,Male,14-Jun-1978,odubockik,9zMFiJB
670,Ebba,Walsh,ewalshil@cafepress.com,Female,25-Mar-1912,ewalshil,YwrBaZOJ9mmX
671,Bernie,Bracer,bbracerim@narod.ru,Male,04-Sep-1991,bbracerim,X3g9Ts
672,Jacques,Faherty,jfahertyin@reddit.com,Male,17-Nov-1944,jfahertyin,AryjhjbC5i
673,Olivero,Cavee,ocaveeio@wisc.edu,Male,19-Dec-1933,ocaveeio,EZXqKfb
674,Renelle,Barnes,rbarnesip@wsj.com,Non-binary,05-Apr-1964,rbarnesip,0FotfB7
675,Nicky,Foulgham,nfoulghamiq@upenn.edu,Male,09-Jul-1937,nfoulghamiq,jc8mYUVVUu
676,Dorothee,Cubbini,dcubbiniir@qq.com,Female,26-Aug-1932,dcubbiniir,VTjercMW
677,Rozanna,Dammarell,rdammarellis@list-manage.com,Female,07-Dec-1976,rdammarellis,7tUDvMoGCWSP
678,Dirk,Gallimore,dgallimoreit@geocities.com,Male,13-Feb-1998,dgallimoreit,ao5NejnBO
679,Gregoor,Hynson,ghynsoniu@timesonline.co.uk,Genderqueer,04-Nov-1935,ghynsoniu,Hd2x9gQ1
680,Paquito,Dulen,pduleniv@cloudflare.com,Male,15-Mar-1940,pduleniv,EjlCIMa6ZxXh
681,Mathilda,Deverose,mdeveroseiw@printfriendly.com,Female,20-Jul-1943,mdeveroseiw,3LaSt9
682,Frants,Windus,fwindusix@wikia.com,Male,25-Dec-1998,fwindusix,s3AOjmJNG6a
683,Muriel,Benian,mbenianiy@nyu.edu,Bigender,23-Feb-1945,mbenianiy,UGwMyi
684,Coralyn,Etchells,cetchellsiz@1und1.de,Female,07-Mar-2000,cetchellsiz,C7e3rnur4O9
685,Sharia,Warbys,swarbysj0@tinypic.com,Female,23-Jul-1924,swarbysj0,1IQ6XY
686,Lulu,Browning,lbrowningj1@friendfeed.com,Agender,13-Feb-1944,lbrowningj1,zIfcsE
687,De witt,Kovelmann,dkovelmannj2@forbes.com,Male,29-Apr-2000,dkovelmannj2,GUP9DDveo
688,Page,O'Hollegan,poholleganj3@nasa.gov,Male,14-Oct-1971,poholleganj3,km50XIHCrx
689,Aila,Rentalll,arentalllj4@jalbum.net,Female,13-Aug-1921,arentalllj4,1Lg6h0
690,Prudi,Cobelli,pcobellij5@craigslist.org,Genderfluid,19-Mar-1954,pcobellij5,lpIywMjlUn
691,Dougie,Crusham,dcrushamj6@diigo.com,Genderqueer,13-Mar-1992,dcrushamj6,hPCgaoNo7
692,Amabelle,McVaugh,amcvaughj7@google.es,Female,08-Nov-1970,amcvaughj7,zBmli5DX
693,Danny,Featherbie,dfeatherbiej8@creativecommons.org,Female,29-Jan-1955,dfeatherbiej8,cxAqNy5r5J
694,Fred,Hampstead,fhampsteadj9@behance.net,Female,19-May-1992,fhampsteadj9,6vVxtpGWsaM
695,Rozanna,Cush,rcushja@bluehost.com,Polygender,23-Oct-1991,rcushja,81uyDeZ
696,Riley,Quipp,rquippjb@youtube.com,Male,02-Jan-1958,rquippjb,xrzp3IRWtKh
697,Kimbra,Birdwhistell,kbirdwhistelljc@virginia.edu,Female,12-Nov-1918,kbirdwhistelljc,cntHRXY4ax
698,Karlis,Keetch,kkeetchjd@indiatimes.com,Male,16-Dec-1917,kkeetchjd,4lWsF4tH
699,Lemar,Stephen,lstephenje@qq.com,Agender,03-Nov-1958,lstephenje,p6GYfh40b
700,Penny,Gritton,pgrittonjf@admin.ch,Female,08-Sep-1972,pgrittonjf,AS7pzOX9
701,Glyn,Dubois,gduboisjg@a8.net,Female,03-Jan-1964,gduboisjg,ktvbLXbwlr
702,Ree,Chucks,rchucksjh@google.fr,Female,16-May-1929,rchucksjh,r9fyCwGFlw
703,Chandra,Sagg,csaggji@baidu.com,Female,01-Jul-1924,csaggji,okBI12jK88ca
704,Miguel,Boniface,mbonifacejj@google.ru,Male,02-Dec-1964,mbonifacejj,VngJCKjGp4
705,Shelley,Abbotts,sabbottsjk@techcrunch.com,Male,05-Nov-1918,sabbottsjk,gy7pQ6Z
706,Hester,Bernier,hbernierjl@nbcnews.com,Female,29-Mar-2000,hbernierjl,sVU38qh1
707,Cherish,Mewburn,cmewburnjm@gnu.org,Female,18-Feb-1991,cmewburnjm,46tnb3jbJO
708,Briggs,Crookshank,bcrookshankjn@irs.gov,Male,01-Nov-1965,bcrookshankjn,REpIEeluf
709,Wyatt,Inglesent,winglesentjo@cmu.edu,Male,21-Oct-1929,winglesentjo,Wkzh3TRUMa
710,Langsdon,Triplett,ltriplettjp@hibu.com,Male,10-May-1903,ltriplettjp,VHygIg5
711,De witt,Spellesy,dspellesyjq@bloglovin.com,Male,08-Jan-1998,dspellesyjq,H8qfnISpD5fh
712,Marje,Causey,mcauseyjr@fastcompany.com,Female,25-Jun-1914,mcauseyjr,r7v2Un
713,Marrilee,Cron,mcronjs@godaddy.com,Bigender,18-Nov-2000,mcronjs,1gLYfkWAsuNq
714,Kailey,Tumilty,ktumiltyjt@themeforest.net,Female,22-Jan-1970,ktumiltyjt,WQ2xCh1
715,Sonya,Rowatt,srowattju@photobucket.com,Female,11-Aug-1972,srowattju,ZIbVNi
716,Haily,Farris,hfarrisjv@comcast.net,Male,20-Feb-2002,hfarrisjv,QW5m6Mt
717,Nels,Keyes,nkeyesjw@xrea.com,Male,27-Jul-1900,nkeyesjw,XXsg0J4JV
718,Darlleen,Gunn,dgunnjx@discovery.com,Female,11-Aug-1942,dgunnjx,1j51XeeM
719,Bonita,Treker,btrekerjy@simplemachines.org,Female,11-Jul-1941,btrekerjy,7gUfUv9NgBX
720,Kiel,Green,kgreenjz@rambler.ru,Male,06-Jul-1989,kgreenjz,Su8BErGwDT
721,Marcel,Poynser,mpoynserk0@uiuc.edu,Male,10-Mar-1937,mpoynserk0,3QzKj0YN1o
722,Florenza,Eastabrook,feastabrookk1@homestead.com,Female,17-Apr-2003,feastabrookk1,sWivDu
723,Hilario,Pauluzzi,hpauluzzik2@home.pl,Male,31-Dec-1902,hpauluzzik2,ViYvsdaqiye
724,Northrop,Portman,nportmank3@xing.com,Male,07-Jan-1934,nportmank3,RC9m1d
725,Sherye,Fleet,sfleetk4@reddit.com,Female,29-Sep-1937,sfleetk4,uInvxJptUuo5
726,Butch,McClymond,bmcclymondk5@github.io,Male,13-Aug-1925,bmcclymondk5,pGnCOe0jxNB
727,Alvy,Dewen,adewenk6@weibo.com,Male,25-Aug-1993,adewenk6,UgQGzp9
728,Jerrie,Risley,jrisleyk7@ezinearticles.com,Female,18-Aug-1916,jrisleyk7,CrQ01X4gJ
729,Jorrie,Klehyn,jklehynk8@wikia.com,Female,19-May-1929,jklehynk8,TBt7aOyXz
730,Giles,Bush,gbushk9@twitpic.com,Male,13-Mar-1949,gbushk9,DIlzL0v
731,Rod,Klemz,rklemzka@miitbeian.gov.cn,Male,30-Sep-1935,rklemzka,9RtRbOS9S8CE
732,Elenore,Petyanin,epetyaninkb@google.co.uk,Female,01-Dec-1933,epetyaninkb,4zUrDQq
733,Haley,Doel,hdoelkc@huffingtonpost.com,Male,12-May-1911,hdoelkc,jrxy8ljn
734,Tomaso,Heinssen,theinssenkd@miibeian.gov.cn,Male,09-Sep-1997,theinssenkd,ULq80rqPTfP
735,Justino,Pilch,jpilchke@de.vu,Male,09-Mar-1916,jpilchke,7hs5N5y3
736,Cornelia,Romanelli,cromanellikf@oakley.com,Female,13-Jul-1995,cromanellikf,HOwvuS
737,Major,Rockey,mrockeykg@soundcloud.com,Male,01-Nov-1960,mrockeykg,eCAeOm
738,Ferrell,Manie,fmaniekh@weebly.com,Non-binary,04-Nov-1983,fmaniekh,NeHVkgMeD1xD
739,Richy,Sugden,rsugdenki@unesco.org,Male,28-Nov-1997,rsugdenki,v92k3PJ
740,Chris,Cartmell,ccartmellkj@slashdot.org,Male,22-Dec-1961,ccartmellkj,MOyUq9UzDRu
741,Amy,Ragles,aragleskk@symantec.com,Female,06-Aug-1990,aragleskk,HQ2QDa3
742,Moshe,Dugmore,mdugmorekl@example.com,Bigender,28-Mar-1969,mdugmorekl,bRUqmwP
743,Nestor,Scally,nscallykm@homestead.com,Male,19-Oct-1931,nscallykm,XBXjqwJ
744,Jaimie,Stopher,jstopherkn@sciencedirect.com,Male,14-Feb-1936,jstopherkn,nSEXI0k
745,Patrizio,Houseley,phouseleyko@youtube.com,Male,30-Apr-1911,phouseleyko,mkNZXRz
746,Angel,Rougier,arougierkp@newyorker.com,Male,04-Mar-1985,arougierkp,SACPWof
747,Mattie,Minghella,mminghellakq@skype.com,Male,04-Jan-1990,mminghellakq,Bl79IZu
748,Levy,Cunradi,lcunradikr@state.gov,Male,28-Oct-1995,lcunradikr,KuzUhQY3
749,Lethia,Cooling,lcoolingks@youtu.be,Female,14-Aug-1996,lcoolingks,rikztBfnHZZW
750,Martie,Janowicz,mjanowiczkt@nymag.com,Female,19-Apr-1906,mjanowiczkt,vUrsCEA
751,Adham,Bowkett,abowkettku@hc360.com,Bigender,02-Feb-1947,abowkettku,CHPtKP3
752,Stevy,Banasik,sbanasikkv@nifty.com,Male,04-Mar-1917,sbanasikkv,ukbWtXf
753,Kain,Kubalek,kkubalekkw@ox.ac.uk,Male,19-Sep-1995,kkubalekkw,1I4LzKg
754,Bond,Loads,bloadskx@phpbb.com,Male,17-Feb-1991,bloadskx,xTsJAeRLTOn
755,Brynn,Mottini,bmottiniky@fda.gov,Female,23-Jul-1970,bmottiniky,6hqYjEUCE3Z
756,Adrian,Boij,aboijkz@4shared.com,Female,30-May-1943,aboijkz,ptVRnD
757,Alisander,Cassin,acassinl0@smugmug.com,Male,25-Aug-1940,acassinl0,4dCGuM
758,Martie,Charette,mcharettel1@goo.gl,Female,10-Mar-1938,mcharettel1,hNcXUrrf
759,Almira,Whittle,awhittlel2@sciencedaily.com,Female,16-Jun-1941,awhittlel2,AG7rIoGKdM
760,Benito,Ruger,brugerl3@facebook.com,Male,06-Jan-1925,brugerl3,d013sdP3fnTO
761,Kennedy,Mowsdale,kmowsdalel4@amazon.co.uk,Male,11-Apr-1970,kmowsdalel4,OZreGAzPt
762,Marchall,Trineman,mtrinemanl5@wordpress.org,Male,31-Mar-1968,mtrinemanl5,Y13h7VUx
763,Frederique,Macoun,fmacounl6@goo.ne.jp,Non-binary,30-Jun-1966,fmacounl6,apGzkG
764,Lemuel,Thewles,lthewlesl7@berkeley.edu,Male,19-Feb-1903,lthewlesl7,kMegn9t1
765,Madelon,Paddeley,mpaddeleyl8@edublogs.org,Female,27-Mar-1917,mpaddeleyl8,MJXDhsNlj
766,Ilario,Grimsey,igrimseyl9@boston.com,Male,08-Apr-1973,igrimseyl9,petkaGZiau
767,Layney,McSperrin,lmcsperrinla@joomla.org,Female,08-Jul-1965,lmcsperrinla,S2eHG92
768,Bryna,Shergill,bshergilllb@hubpages.com,Female,17-Nov-1970,bshergilllb,YRQELTlIJT7
769,Danice,Fussen,dfussenlc@cbsnews.com,Female,12-Sep-1960,dfussenlc,ku9VByP
770,Eliot,Ducham,educhamld@java.com,Male,03-Apr-2002,educhamld,IjZQi4YX9
771,Richmound,Perkis,rperkisle@examiner.com,Male,26-Sep-1940,rperkisle,h0DFpL9SDecl
772,Lauretta,Galgey,lgalgeylf@dropbox.com,Female,28-Sep-1931,lgalgeylf,7xtamoUmfZ1
773,Zerk,Dolman,zdolmanlg@163.com,Male,14-Sep-1963,zdolmanlg,wSAMdUrgRVeo
774,Dorita,McFie,dmcfielh@dion.ne.jp,Female,16-Jun-1957,dmcfielh,ntFbetQLGkj
775,Sabina,Fidelli,sfidellili@google.co.uk,Female,30-Nov-1961,sfidellili,S4ORejM
776,Gilda,Quakley,gquakleylj@buzzfeed.com,Female,19-Apr-1905,gquakleylj,y7Qdie5q
777,Christy,Skegg,cskegglk@addtoany.com,Female,24-Sep-1958,cskegglk,r7D0LPnTQ
778,Roch,Stanesby,rstanesbyll@rediff.com,Female,26-Sep-1953,rstanesbyll,uDstYfepe
779,Angie,Newtown,anewtownlm@deviantart.com,Female,09-Oct-1943,anewtownlm,2BMTSvtD
780,Flor,Lycett,flycettln@pagesperso-orange.fr,Female,17-Apr-1901,flycettln,rKBLr4H
781,Arnoldo,Burleton,aburletonlo@fema.gov,Male,18-Mar-1945,aburletonlo,VuF7JRaI
782,Page,Ewers,pewerslp@accuweather.com,Polygender,14-Jan-1901,pewerslp,RTs7OEW
783,Annabel,Akast,aakastlq@histats.com,Female,02-Dec-1982,aakastlq,atY4PEXdbDo
784,Eadith,Hudleston,ehudlestonlr@angelfire.com,Female,29-Jul-2001,ehudlestonlr,AnuLZRM
785,Jacquenette,Seman,jsemanls@va.gov,Female,28-Jul-1964,jsemanls,qY0yDZPaUP
786,Priscella,McCumskay,pmccumskaylt@typepad.com,Non-binary,21-Feb-1980,pmccumskaylt,0uElf4Z
787,Enoch,Schild,eschildlu@independent.co.uk,Male,28-Dec-1935,eschildlu,1OBf1Ow8e5q
788,Ethelyn,Braidon,ebraidonlv@theatlantic.com,Genderqueer,23-Apr-1977,ebraidonlv,ynA9AekL
789,Bonita,McNevin,bmcnevinlw@google.com.hk,Female,07-Sep-1976,bmcnevinlw,6jdGxXH56qB
790,Marcellina,Stag,mstaglx@cam.ac.uk,Female,27-May-1920,mstaglx,l3ae8ew
791,Parnell,Barby,pbarbyly@qq.com,Male,04-Dec-1909,pbarbyly,aXiE0oUx1hM
792,Jasper,Prout,jproutlz@mashable.com,Male,30-Dec-1922,jproutlz,12ZhW1PZ
793,Edi,Kilkenny,ekilkennym0@toplist.cz,Female,27-Mar-1963,ekilkennym0,7pvr4I
794,Devonna,Caswall,dcaswallm1@independent.co.uk,Female,10-Jun-1948,dcaswallm1,LgVdc02
795,Ailyn,Stuer,astuerm2@wisc.edu,Female,27-Jul-1908,astuerm2,spBYiVOo3i
796,Ginnifer,Rings,gringsm3@nps.gov,Female,10-Feb-1965,gringsm3,3bF3oxG5rK
797,Kaitlynn,Trethewey,ktretheweym4@ovh.net,Female,28-Jul-1969,ktretheweym4,etSPcDwNqM
798,Yolane,Brotherhood,ybrotherhoodm5@vkontakte.ru,Female,09-Aug-1925,ybrotherhoodm5,sqsdtDvlT1lS
799,Inglis,McSperron,imcsperronm6@spiegel.de,Male,18-Dec-1942,imcsperronm6,ux6ZXC
800,Marget,Gulston,mgulstonm7@google.nl,Female,26-Feb-1933,mgulstonm7,AeJUNbsrmqtF
801,Toiboid,Esgate,tesgatem8@zimbio.com,Male,24-Jul-1931,tesgatem8,9WWTuEV
802,Stanly,Reed,sreedm9@craigslist.org,Male,17-Apr-1955,sreedm9,gF1AKS2kLLW
803,Anna-maria,Wybourne,awybournema@bing.com,Female,12-Jun-1978,awybournema,mquNEQ0q
804,Ludwig,Winsome,lwinsomemb@cdbaby.com,Male,06-Sep-1973,lwinsomemb,aRI8C6o1a
805,Archer,Peret,aperetmc@theglobeandmail.com,Genderfluid,22-Jan-1938,aperetmc,7AYRZ8Ua08
806,Gabrila,Tomsu,gtomsumd@google.com,Female,14-Nov-1949,gtomsumd,PA3YGC80MYN
807,Cherie,Dyett,cdyettme@issuu.com,Female,10-Sep-1964,cdyettme,iweKFAhVo
808,Kari,Doyley,kdoyleymf@mozilla.com,Female,23-Sep-1984,kdoyleymf,8UuB36yIZ
809,Nicolle,Kerrich,nkerrichmg@istockphoto.com,Female,21-Feb-1924,nkerrichmg,QRFZ4gcwvojk
810,Simmonds,Andrews,sandrewsmh@flavors.me,Male,08-Feb-2001,sandrewsmh,M73OWevJcZG
811,Rickie,Benterman,rbentermanmi@dagondesign.com,Male,01-Nov-1957,rbentermanmi,HwlL34H
812,Devland,Malafe,dmalafemj@usnews.com,Male,18-Nov-1994,dmalafemj,IVwqYUk
813,Maurene,Pittle,mpittlemk@hud.gov,Female,13-Feb-1970,mpittlemk,GEyD4TUsczWz
814,Nolana,Bradbeer,nbradbeerml@dagondesign.com,Genderqueer,04-Apr-2001,nbradbeerml,2aXYE1mcBe
815,Elladine,Fanning,efanningmm@123-reg.co.uk,Genderfluid,16-Sep-1939,efanningmm,S3pkoOO
816,Brad,Ransfield,bransfieldmn@mediafire.com,Male,11-May-1934,bransfieldmn,0ZDHckwhAtFI
817,Wilton,Rosenboim,wrosenboimmo@vimeo.com,Male,06-Oct-1951,wrosenboimmo,L3144f
818,Rem,Laurenz,rlaurenzmp@blog.com,Male,04-Mar-1950,rlaurenzmp,dXr5z5waS
819,Danya,Cufflin,dcufflinmq@chronoengine.com,Male,15-Aug-1979,dcufflinmq,5AKbYzd
820,Colline,Stubbert,cstubbertmr@google.com.hk,Bigender,24-Mar-1945,cstubbertmr,0hFKo5fbU
821,Malissia,Pingstone,mpingstonems@mlb.com,Female,25-Nov-1915,mpingstonems,GfpxVnAuyZE
822,Hatty,Peatheyjohns,hpeatheyjohnsmt@nps.gov,Polygender,30-Mar-1972,hpeatheyjohnsmt,6sZHnWQVQew
823,Roanna,Guyers,rguyersmu@ehow.com,Female,10-Mar-1908,rguyersmu,zvhWbd
824,Devin,Boatman,dboatmanmv@tinypic.com,Male,30-Apr-1969,dboatmanmv,nP5q4RqPv9
825,Shae,Francescuzzi,sfrancescuzzimw@theguardian.com,Genderqueer,18-Jan-1913,sfrancescuzzimw,wCrAAnypgp
826,Nicholas,Goucher,ngouchermx@photobucket.com,Male,06-Jan-1905,ngouchermx,2Q7Vstl14p
827,Naomi,Carbry,ncarbrymy@phpbb.com,Female,02-Jun-1961,ncarbrymy,mC6Gs6W8
828,Holly-anne,Critchlow,hcritchlowmz@newsvine.com,Female,29-Aug-1986,hcritchlowmz,0IkuxNpqP
829,Kaye,Keam,kkeamn0@geocities.com,Polygender,27-Jan-1997,kkeamn0,n0t0HnMKzz8q
830,Stormi,Sapshed,ssapshedn1@mayoclinic.com,Female,29-Mar-1936,ssapshedn1,tbZnW9aB
831,Angy,Siggins,asigginsn2@time.com,Female,05-Feb-1978,asigginsn2,mGXTZvG
832,Shadow,Kirdsch,skirdschn3@google.com.br,Male,19-Apr-1921,skirdschn3,QsJhLreR2C
833,Brittaney,Diboll,bdibolln4@ucsd.edu,Female,27-Jul-1941,bdibolln4,K42USTV
834,Cyrill,Domenico,cdomenicon5@dmoz.org,Male,28-May-1916,cdomenicon5,6sCcQdAxv
835,Marney,Newlands,mnewlandsn6@nbcnews.com,Female,06-Feb-1953,mnewlandsn6,nYxDoLMxM
836,Elianora,Aysik,eaysikn7@google.it,Female,21-Aug-1922,eaysikn7,rWcy3ZMw
837,Eugenie,Barby,ebarbyn8@apple.com,Female,03-Mar-1994,ebarbyn8,A7hKjZZ
838,Marni,Roseby,mrosebyn9@time.com,Female,06-Apr-1959,mrosebyn9,yz5wegF
839,Zeke,Brockherst,zbrockherstna@tmall.com,Male,02-Jun-1975,zbrockherstna,2kBOsqBI0Xc
840,Cyndy,Welbrock,cwelbrocknb@reddit.com,Female,28-Dec-1954,cwelbrocknb,M4VSac
841,Nevin,Ripley,nripleync@dell.com,Male,26-Aug-1977,nripleync,bW5VfhAuvtO
842,Lanni,Mathes,lmathesnd@ucla.edu,Female,07-Mar-1994,lmathesnd,zJSuaZ
843,Edee,Althrop,ealthropne@vimeo.com,Female,03-Sep-1953,ealthropne,TLWORSB0N
844,Olivier,Bigley,obigleynf@wikipedia.org,Male,08-Sep-2001,obigleynf,lXFXswR
845,Sterne,Sonley,ssonleyng@twitter.com,Male,22-Oct-1924,ssonleyng,LUdOYB
846,Chanda,Falls,cfallsnh@imdb.com,Bigender,22-Jul-1942,cfallsnh,gugC1iN
847,Claresta,MacCorley,cmaccorleyni@whitehouse.gov,Female,05-Dec-2001,cmaccorleyni,bZsp5Aiu
848,Sibylla,Oneil,soneilnj@creativecommons.org,Female,19-Jul-1911,soneilnj,L5IgkD0YHa
849,Shayne,Millhouse,smillhousenk@mlb.com,Female,17-Nov-1920,smillhousenk,OgYTBX
850,Halley,Swoffer,hswoffernl@fastcompany.com,Female,21-Dec-1916,hswoffernl,VOlkDbeB
851,Norton,Garbert,ngarbertnm@google.co.uk,Male,06-Aug-1901,ngarbertnm,kNZD97zbb
852,Nedda,Cristofor,ncristofornn@newyorker.com,Female,07-Feb-1931,ncristofornn,91NDSof
853,Bartie,Haughan,bhaughanno@bloglines.com,Male,12-May-1902,bhaughanno,0Rj9zie8Uxy
854,Rochelle,Curnick,rcurnicknp@google.es,Female,01-Apr-1976,rcurnicknp,NaOkj8kS
855,Iorgos,Parkinson,iparkinsonnq@mail.ru,Male,08-Aug-1970,iparkinsonnq,47wOaU2Zad
856,Tuesday,Livingstone,tlivingstonenr@stumbleupon.com,Female,13-Feb-1944,tlivingstonenr,CuPZYvVg0
857,Lucina,Conway,lconwayns@drupal.org,Female,17-Jun-1990,lconwayns,UYrclP
858,Kennith,Masdin,kmasdinnt@eepurl.com,Male,13-Mar-1997,kmasdinnt,Yzh15KJpptiI
859,Sophi,Erasmus,serasmusnu@webs.com,Female,25-Sep-1906,serasmusnu,qcQupOT
860,Somerset,Hallihane,shallihanenv@msu.edu,Male,01-Aug-1916,shallihanenv,2S5NGrt
861,Goldy,Lynagh,glynaghnw@bloglines.com,Female,29-Dec-1996,glynaghnw,jVV8nSn58msE
862,Royall,Mobley,rmobleynx@ox.ac.uk,Male,01-Jun-2001,rmobleynx,34X8gx
863,Sarge,Wipfler,swipflerny@jiathis.com,Genderqueer,02-Mar-1991,swipflerny,HkU2vhP0UJ
864,Lilyan,Pitblado,lpitbladonz@people.com.cn,Female,19-Nov-1953,lpitbladonz,oN4EzU
865,Brew,Effemy,beffemyo0@si.edu,Male,01-May-1918,beffemyo0,l4abMpuxE
866,Paloma,Bock,pbocko1@ycombinator.com,Agender,04-Aug-1923,pbocko1,IO03bqI9
867,Dede,Kampshell,dkampshello2@virginia.edu,Polygender,21-Jan-1979,dkampshello2,Drl0RM6rU
868,Barbey,Spacy,bspacyo3@uiuc.edu,Female,14-Oct-1952,bspacyo3,UcNBIQfjx18
869,Samuel,Barz,sbarzo4@stumbleupon.com,Male,04-Dec-1935,sbarzo4,4opOFn
870,Patricio,Klimshuk,pklimshuko5@independent.co.uk,Male,19-Jun-1915,pklimshuko5,q27uyhmXfIMC
871,Curran,Lampl,clamplo6@e-recht24.de,Male,27-Dec-1978,clamplo6,YHiM02H
872,Mandel,Otter,mottero7@yellowpages.com,Male,21-Jul-1948,mottero7,tvCQoeJKVh
873,Dmitri,Burkin,dburkino8@cbslocal.com,Male,25-Jan-1960,dburkino8,zFyqIiaZcFz
874,Janifer,Martijn,jmartijno9@hatena.ne.jp,Female,03-Feb-1920,jmartijno9,0HAt80l
875,Dieter,Seargeant,dseargeantoa@hud.gov,Male,14-Apr-1915,dseargeantoa,SjzQvUY
876,Irwinn,Burdin,iburdinob@youtu.be,Male,31-Mar-1993,iburdinob,0rx0TA
877,Augustin,Tort,atortoc@smugmug.com,Male,01-Jul-1904,atortoc,vb9Pt4
878,Gan,Stanman,gstanmanod@nytimes.com,Male,14-May-1967,gstanmanod,HtKHCel
879,Daloris,McQuilkin,dmcquilkinoe@delicious.com,Female,31-Jul-1992,dmcquilkinoe,5BdBNOBX
880,Shanon,Courtney,scourtneyof@howstuffworks.com,Female,13-Apr-1913,scourtneyof,yhIOWkon
881,Francois,Campa,fcampaog@nhs.uk,Male,19-Jan-1936,fcampaog,czKvYOx5rxd
882,Alastair,Sima,asimaoh@patch.com,Male,05-May-2002,asimaoh,2vCrfJTVtdW
883,Wanids,Feathers,wfeathersoi@cnet.com,Female,12-Mar-1947,wfeathersoi,T64sSKE5
884,Sheffy,Deetch,sdeetchoj@ox.ac.uk,Male,20-Oct-1902,sdeetchoj,WbZwHEP
885,Eduino,Hacker,ehackerok@nytimes.com,Male,26-Sep-1995,ehackerok,4y1wABmBvui
886,Eb,Barukh,ebarukhol@ebay.co.uk,Male,28-Jul-1997,ebarukhol,qfJhdE05V
887,Koralle,Munton,kmuntonom@hexun.com,Female,18-Sep-1985,kmuntonom,36O7Dg01e
888,Sansone,Esley,sesleyon@paginegialle.it,Male,08-Mar-1961,sesleyon,hnTybYC
889,Emmey,Carwithen,ecarwithenoo@livejournal.com,Agender,01-Mar-1937,ecarwithenoo,97uyOXy
890,Darlene,Astlatt,dastlattop@bandcamp.com,Female,17-Sep-1904,dastlattop,7FyRz0Uaq
891,Patricia,Roseblade,prosebladeoq@theglobeandmail.com,Female,20-Nov-1918,prosebladeoq,oYtCAaqhXX
892,Maxie,Posselwhite,mposselwhiteor@flickr.com,Female,23-Nov-1999,mposselwhiteor,o8kxzDtBYlIZ
893,Alford,Jacqueminot,ajacqueminotos@mapy.cz,Genderqueer,14-Oct-1970,ajacqueminotos,j4ztyh
894,Demetre,Gillan,dgillanot@illinois.edu,Male,13-Apr-1901,dgillanot,d2RLX4EDzcr
895,Eydie,Yurenin,eyureninou@goo.gl,Female,27-Feb-1978,eyureninou,jY0eBcI4Mlq
896,Armstrong,Frankland,afranklandov@stumbleupon.com,Male,07-Nov-1967,afranklandov,JdN6x8BB
897,Laurice,Delete,ldeleteow@mtv.com,Female,03-Nov-1910,ldeleteow,jWRMKG
898,Charlton,Peterson,cpetersonox@prnewswire.com,Male,09-Mar-1931,cpetersonox,42Jez2EH79n
899,Grier,De Caville,gdecavilleoy@salon.com,Female,01-Jul-1933,gdecavilleoy,SR8tDhcYO
900,Harley,Snoddy,hsnoddyoz@mediafire.com,Female,26-Apr-1942,hsnoddyoz,G4av72JxD8U
901,Gustaf,Haryngton,gharyngtonp0@bing.com,Male,19-Nov-1965,gharyngtonp0,wscvOZ
902,Steward,Wedmore.,swedmorep1@spotify.com,Male,25-Jan-1966,swedmorep1,sG604OBwGa
903,Karlan,Warret,kwarretp2@amazon.co.uk,Polygender,16-Nov-1979,kwarretp2,19op9Kda
904,Flynn,Paunsford,fpaunsfordp3@simplemachines.org,Male,26-Dec-1993,fpaunsfordp3,x2GmjgwZ
905,Costa,Hambleton,chambletonp4@boston.com,Male,20-Apr-1977,chambletonp4,dX7Eeg
906,Mickie,Huet,mhuetp5@ezinearticles.com,Female,24-Feb-1902,mhuetp5,PZjXH0MzL
907,Lois,Hofton,lhoftonp6@bigcartel.com,Female,10-Jun-1998,lhoftonp6,tftmja
908,Hermon,De Laci,hdelacip7@rediff.com,Male,26-Jan-1995,hdelacip7,LbuxMD3r
909,Clare,Snare,csnarep8@aboutads.info,Genderfluid,28-Feb-1938,csnarep8,PFLDUWH3
910,Gerianna,Ruddom,gruddomp9@china.com.cn,Female,11-Jun-1936,gruddomp9,8h31JGVoOz
911,Joyann,Saphir,jsaphirpa@mozilla.com,Female,29-Jun-1993,jsaphirpa,j8HkevRZc
912,Betty,O'Carney,bocarneypb@angelfire.com,Female,11-Oct-1916,bocarneypb,85pGIqX
913,Myrah,Peirone,mpeironepc@xing.com,Female,18-Apr-2001,mpeironepc,AVPdx0GTTZD5
914,Dorthea,Lillgard,dlillgardpd@nbcnews.com,Female,09-Jan-1936,dlillgardpd,zh3MSKW0l9
915,Jocelin,Valler,jvallerpe@flavors.me,Female,03-Mar-1953,jvallerpe,KpOkjAKchc
916,Hettie,Negri,hnegripf@time.com,Female,08-Sep-1956,hnegripf,5CB8k4j
917,Elnar,Glinde,eglindepg@wordpress.org,Male,08-Nov-1969,eglindepg,UCeE7X
918,Rosamond,Backshill,rbackshillph@jimdo.com,Female,30-Jun-1986,rbackshillph,Mqjd29cdK6
919,Sonny,Joselovitch,sjoselovitchpi@ucoz.com,Male,13-Feb-1965,sjoselovitchpi,2baxu98x5r
920,Daisey,Umney,dumneypj@google.ca,Female,20-Sep-1984,dumneypj,LgMN0E1ALv
921,Jerrine,Bruford,jbrufordpk@t-online.de,Female,14-Jul-1916,jbrufordpk,tAFAfTot6Uys
922,Jamaal,Lackemann,jlackemannpl@ustream.tv,Male,26-Nov-1970,jlackemannpl,74vCqR
923,Arnold,Durbyn,adurbynpm@stanford.edu,Male,16-Jul-1974,adurbynpm,k6MyCa
924,Myles,Klaus,mklauspn@dell.com,Male,30-May-1927,mklauspn,ocFFQJdB
925,Allyson,Lamartine,alamartinepo@wikispaces.com,Female,09-Dec-1929,alamartinepo,gDKJMXHhFzEU
926,Yvor,Chaize,ychaizepp@intel.com,Male,19-Jun-1986,ychaizepp,G1iYQjCJurzb
927,Leandra,Dearnaly,ldearnalypq@ameblo.jp,Female,03-Mar-1947,ldearnalypq,vUSEtO
928,Brandi,Lindenstrauss,blindenstrausspr@ihg.com,Genderqueer,12-Sep-1999,blindenstrausspr,eFrl2ouGGeX
929,Elsey,Fitton,efittonps@plala.or.jp,Female,20-Jul-1995,efittonps,05Er8IRKw4zO
930,Cull,Romera,cromerapt@acquirethisname.com,Male,27-Apr-1980,cromerapt,DPkwReKWLU4
931,Nickola,Godehard.sf,ngodehardsfpu@disqus.com,Male,04-Apr-1926,ngodehardsfpu,AEe3nVgmEE
932,Annis,Hemphall,ahemphallpv@berkeley.edu,Female,28-Aug-1980,ahemphallpv,8I27PoL
933,Rahal,Risdale,rrisdalepw@china.com.cn,Female,16-Jan-1922,rrisdalepw,z4dqtaJDS5fy
934,Curtis,Bantock,cbantockpx@t-online.de,Male,26-May-1967,cbantockpx,K2PihBM0
935,Karena,Longmore,klongmorepy@example.com,Bigender,05-Oct-1966,klongmorepy,1xU1hsKs
936,Guglielmo,Rogan,groganpz@t.co,Male,24-Dec-2001,groganpz,6pyiZkNT6JEH
937,Agnes,Melhuish,amelhuishq0@themeforest.net,Female,15-Aug-1910,amelhuishq0,sKYhpcrT5
938,Papagena,Kivlin,pkivlinq1@live.com,Female,26-Aug-1986,pkivlinq1,KlEIVV4U2urL
939,Kittie,Walcher,kwalcherq2@eepurl.com,Female,07-Jan-1923,kwalcherq2,Ne3W57Lq
940,Licha,Lockey,llockeyq3@ow.ly,Female,20-Dec-1968,llockeyq3,W6E4Vg
941,Ad,Massingham,amassinghamq4@gizmodo.com,Male,15-Oct-1979,amassinghamq4,EZxZGYi
942,Tani,Iddens,tiddensq5@bluehost.com,Female,18-Jan-1972,tiddensq5,T8fzC8Yk1F
943,Tate,Klyner,tklynerq6@github.com,Female,16-Aug-1913,tklynerq6,VF6PGyw33hJ
944,Basil,MacMakin,bmacmakinq7@usgs.gov,Male,26-Oct-1993,bmacmakinq7,BCtVLzC
945,Jimmy,Silverthorn,jsilverthornq8@cocolog-nifty.com,Male,04-Aug-1989,jsilverthornq8,FTz4CZPkIOgx
946,Konstantine,Himpson,khimpsonq9@gravatar.com,Male,16-Mar-1902,khimpsonq9,KECC7DT5A2
947,Shirley,Whopples,swhopplesqa@google.ru,Genderfluid,19-Apr-1916,swhopplesqa,4xdN9MNWtDAf
948,Tab,Caberas,tcaberasqb@posterous.com,Male,25-Nov-1910,tcaberasqb,w00uo38vDnBB
949,Amelita,Newbegin,anewbeginqc@oaic.gov.au,Female,24-May-1979,anewbeginqc,5JKiI7T5
950,Vale,Cadell,vcadellqd@weebly.com,Female,17-Jul-1966,vcadellqd,rQ9hb7hN
951,Will,Ponsford,wponsfordqe@engadget.com,Male,31-Dec-1999,wponsfordqe,Xw8jGQ9hvND
952,Madison,Raynton,mrayntonqf@usa.gov,Male,20-Feb-1945,mrayntonqf,9EuA7o4J
953,Sarette,Vercruysse,svercruysseqg@digg.com,Female,01-Dec-1931,svercruysseqg,MtMBFoa6oTp
954,Kiri,Muff,kmuffqh@toplist.cz,Female,29-Jun-1918,kmuffqh,2eylWtM
955,Bernhard,Izkovitz,bizkovitzqi@imageshack.us,Male,08-Dec-1953,bizkovitzqi,TvaxAPN
956,Hanny,Rolinson,hrolinsonqj@is.gd,Female,09-Oct-1972,hrolinsonqj,k8Bjb77wI5nU
957,Alma,Uccelli,auccelliqk@mac.com,Female,01-Sep-1947,auccelliqk,kOc7zJ89e
958,Tonnie,Oakeshott,toakeshottql@tiny.cc,Male,11-Jun-1974,toakeshottql,9y5CDDVr2Mb
959,Rudolf,Comber,rcomberqm@reuters.com,Agender,24-Mar-1979,rcomberqm,xwD5OY8Nh
960,Blythe,McTear,bmctearqn@taobao.com,Female,03-Sep-1979,bmctearqn,NPJ9j74w
961,Trefor,Ades,tadesqo@deviantart.com,Male,19-Feb-1916,tadesqo,do3PIhoGZYEQ
962,Tanhya,Mation,tmationqp@addtoany.com,Female,24-Apr-1946,tmationqp,L3K2fV3w
963,Sheffield,Dunkley,sdunkleyqq@newyorker.com,Male,01-Jan-1985,sdunkleyqq,GMTiUJbc9jQq
964,Bobina,Cullabine,bcullabineqr@ihg.com,Female,24-Nov-1903,bcullabineqr,MRo6pHGmx
965,Hilario,Stetlye,hstetlyeqs@jiathis.com,Bigender,03-Aug-1900,hstetlyeqs,kXqL2HW
966,Alfredo,Cakes,acakesqt@ameblo.jp,Male,03-Jul-1959,acakesqt,JyeKMOdcG2d
967,Emmey,Joffe,ejoffequ@vk.com,Female,08-Apr-1975,ejoffequ,Me0fZG1gefb
968,Durant,Cunnane,dcunnaneqv@phoca.cz,Male,18-Oct-1964,dcunnaneqv,OFXRI7B
969,Jeddy,Mitchinson,jmitchinsonqw@nba.com,Male,06-Mar-1991,jmitchinsonqw,1pi7kE
970,Shaina,Masding,smasdingqx@noaa.gov,Female,21-Mar-1922,smasdingqx,v9BYk3J
971,Tildy,Colles,tcollesqy@networksolutions.com,Female,02-Apr-1915,tcollesqy,6nUt62f
972,Nicki,Yandell,nyandellqz@apple.com,Female,04-Sep-1963,nyandellqz,pRqUnTH
973,Simonne,Hanster,shansterr0@ovh.net,Female,22-Mar-1909,shansterr0,VkceP6fRbC5X
974,Sheela,Wimpress,swimpressr1@dyndns.org,Female,01-Jul-1922,swimpressr1,wejNHcS
975,Chariot,Janacek,cjanacekr2@cam.ac.uk,Male,24-Mar-2004,cjanacekr2,5uljXX1
976,Grenville,Slarke,gslarker3@jalbum.net,Male,26-May-1994,gslarker3,hgRBkZ
977,Cissy,Derby,cderbyr4@independent.co.uk,Female,30-Jul-1934,cderbyr4,38jP5JPvh7
978,Farleigh,Antunes,fantunesr5@auda.org.au,Male,17-Mar-1931,fantunesr5,wVTRxv9oT
979,Hewe,Mohammed,hmohammedr6@smugmug.com,Male,18-Nov-1990,hmohammedr6,SzTIxs3
980,Danila,Nower,dnowerr7@gizmodo.com,Genderfluid,13-Jun-1974,dnowerr7,oRyuWZc
981,Wynne,Snowdon,wsnowdonr8@ucla.edu,Genderqueer,08-Jul-1936,wsnowdonr8,ptZuFk8TQm
982,Saw,Tompion,stompionr9@tripod.com,Male,12-Mar-1902,stompionr9,KdXNj0
983,Byron,Schreiner,bschreinerra@ox.ac.uk,Agender,17-Sep-1908,bschreinerra,N7nwGagbL
984,Nicolai,Tussaine,ntussainerb@unicef.org,Agender,29-Aug-1948,ntussainerb,258YTR38Of4
985,Zackariah,Trice,ztricerc@accuweather.com,Male,24-Jan-1915,ztricerc,minSpVBg
986,Arly,Aksell,aaksellrd@microsoft.com,Female,13-Oct-1905,aaksellrd,R3svZoQBY
987,Ola,Shirley,oshirleyre@opera.com,Female,16-Jul-1935,oshirleyre,7bulbSuUp
988,Francoise,Luetkemeyers,fluetkemeyersrf@amazon.de,Female,30-Jan-1963,fluetkemeyersrf,WOKdaJGX5S
989,Darb,Cowing,dcowingrg@ucla.edu,Female,19-Aug-1978,dcowingrg,gLoUPBP
990,Alvinia,Rolance,arolancerh@fda.gov,Female,10-Oct-1910,arolancerh,VHzBs7G2d4YS
991,Buiron,Bradder,bbradderri@irs.gov,Male,06-May-1952,bbradderri,qqOed1l
992,Melanie,Raimbauld,mraimbauldrj@ox.ac.uk,Female,28-Jan-1910,mraimbauldrj,4oYysBJprT
993,Ivette,Thomsen,ithomsenrk@umn.edu,Female,25-Oct-1951,ithomsenrk,w2Tvh6xUfyYp
994,Brucie,Gulliman,bgullimanrl@shutterfly.com,Male,23-Dec-1974,bgullimanrl,7Gz3uyCom0
995,Elsey,Gauntley,egauntleyrm@businessweek.com,Female,20-Jul-1986,egauntleyrm,w9ssZlnAP
996,Huberto,Reppaport,hreppaportrn@businessinsider.com,Male,22-Sep-1953,hreppaportrn,fmF0jTh
997,Herb,Hindes,hhindesro@themeforest.net,Male,06-Aug-1901,hhindesro,aGNNZIPmQYYl
998,Geralda,Sidsaff,gsidsaffrp@feedburner.com,Female,08-Aug-1925,gsidsaffrp,EDBM7Ip
999,Eduard,Haydon,ehaydonrq@cnn.com,Male,09-Jan-1953,ehaydonrq,2lc4RdDABd
1000,Turner,Chimenti,tchimentirr@dailymail.co.uk,Male,11-Mar-1922,tchimentirr,p94SL6hVb
